English Word,Hindi Word,Predicted Word
thermax,थरमैक्स,क्राम्क्स
sikhaaega,सिखाएगा,ाएगा
learn,लर्न,न्रन
twitters,ट्विटर्स,टर्स
tirunelveli,तिरुनेलवेली,तुनेलवेली
independence,इंडिपेंडेंस,डेपेंडेंस
speshiyon,स्पेशियों,शिशियों
shurooh,शुरूः,हूह
kolhapur,कोल्हापुर,लोपापुर
ajhar,अजहर,अर
karaar,क़रार,र
anka,अंक,आ
wpd,डब्ल्यूपीडी,पी
haashie,हाशिए,ही
glendale,ग्लेंडल,न्लेले
udhed,उधेड़,ड
ekthi,इकठ्ठी,थि
idea,आईडिया,ज़िया
ambikapur,अम्बिकापुर,अबिकापुर
makerere,माकेरेरे,रेरे
saboodaane,साबूदाने,ऊंदाने
foohadta,फूहड़ता,फूद्ता
sequent,सेक्वेंट,केनेट
shueb,शुऐब,ब्ज
panihati,पानीहाटी,हिती
sametati,समेटती,तेतती
ukhrul,उखरुल,उखुल
brahmlin,ब्रह्मलीन,म्हलिन
utaraadhikaaree,उतराधिकारी,अताधिकारी
iqbal,इक़बाल,बबल
dayaalapuraa,दयालपुरा,ालापुरा
sohrai,सोहराई,अराई
takreeban,तक़रीबन,त्रीबन
farrukhnagar,फर्रूखनगर,रुखनगर
theinga,ठेंगा,टिंगा
tyoiharon,त्यौहारों,त्योहारों
karneshvardhaam,कर्णेश्वरधाम,नेशवर्धाम
umanath,उमानाथ,मुमाथ
daanshil,दानशील,शिलिल
saahityotsav,साहित्योत्सव,तित्योत्सव
shantiniketan,शांतिनिकेतन,िनिकेटन
shikayatkarta,शिकायतकर्ता,यायतकर्ता
andarkhane,अंदरखाने,ारखाने
panter,पंटर,र्टर
leedaron,लीडरों,दारों
galgand,गलगंड,गांड
kaarniyaan,कार्नियां,नियां
murgipaalan,मुर्गीपालन,आई्पियालन
mushahid,मुशाहिद,शुमिद
modules,मॉड्यूल्स,लुल्स
rajouri,रजौरी,रुरी
sushrushaa,सुश्रुषा,शुशा
shringaar,शृंगार,गंरार
holt,होल्ट,हॉट
laigikata,लैंगिकता,लैगिकाटा
ijaajat,इजाजत,जातत
vankshetra,वनक्षेत्र,शेत्र
bhutal,भूतल,लल
swaadpremiyon,स्वादप्रेमियों,दादप्रेमियों
nineteez,नाइनटीज,इटेज़ीज़
frektar,फ्रेक्टर,क्रेटर
likhkar,लिखकर,कर
eyarkandeeshnar,एयरकंडीशनर,राकंडीशनर
nabz,नब्ज़,ज्ज
quess,कुएस,स्स
bouni,बौनी,नी
kaaragujaariyaan,कारगुजारियां,गादुजारियां
gaangnam,गांगनाम,गंनम
tapia,तापीया,यिया
tezpur,तेज़पुर,तेपपुर
talve,तलवे,
seemaai,सीमाई,माई
darshnaarthi,दर्शनार्थी,दृनार्थि
rivas,रिवास,सास
tarkvaad,तर्कवाद,ववाद
anusaarakaa,अनुसारका,सुअरका
coachella,कोचेला,लेल्ला
latakakar,लटककर,ककाकर
patravaliyan,पत्रावलियां,व्रवलियां
parishad,परिषद,शाद
spinj,स्पिन्ज,जंज
anshida,अनशिदा,हिदीआ
dejesus,डिजीसस,जेससस
saraaymohiuddinpur,सरायमोहिउद्दीनपुर,यायमोहियद्दीनपुर्पुण्पुर्पुण्पुर्पुण्पुर्पुण्पुर्प
lowell,लॉवेल,ल्ल
capacitor,कैपेसिटर,पैकिटोर
passengerjind,पैसेंजरजींद,सेंगेरजिंद
granthiyon,ग्रंथियों,थान्तियों
buena,बुएना,अना
canterbury,कैंटरबरी,रेबरी
kaathiyavadi,काठियावड़ी,यातियावादी
tekchandani,टेकचंदानी,तचंदानी
fisad,फ़ीसद,दाद
beraharamee,बेरहरमी,हराहीमी
nishkarshah,निष्कर्षः,रकारशाह
activities,ऐक्टिविटीज,इविटिएज़
rikailleebreshan,रिकैलीब्रेशन,आइलिब्लेशन
shasanadhikaariyon,शासनाधिकारियों,नाधादारियों
fijoolkharchi,फिजूलखर्ची,जिजूलखरची
dablyoopeedee,डब्ल्यूपीडी,ल्लायूपीडीडीडीडी
pace,पेस,स
dastar,दस्तार,दार
catlin,कैटलिन,लिन
joddta,जोड़ता,द्दता
killat,किल्लत,ल्लाट
gruhnagar,गृहनगर,हुरनगर
wonder,वंडर,डर
vatar,वाटर,र
shving,श्विंग,ंग
pashtun,पश्तून,ुन
farm,फार्म,म
dibanu,डिबनू,दिबानु
pashchamee,पश्चमी,मामी
uthapatak,उठापटक,उठपक
nilaabh,नीलाभ,अभ
laxmeeniyaan,लक्ष्मीनियां,कस्मीनियांयान
mahaanagarawaasiyon,महानगरवासियों,नानगरावियों
upneta,उपनेता,न्येटा
convention,कन्वेंशन,नेन्शन
sharp,शाॅर्प,
kaaryayojana,कार्ययोजना,यायोजना
maas,मास,ज
westing,वेस्टिंग,स्टिंग
kurvetee,कुर्वेती,वेटीजी
jyaada,ज़यादा,ादा
mukeshvari,मुकेश्वरी,शेशवरी
shrimati,श्रीमति,माती
vivekadhikaron,विवेकाधिकारों,केकाधिकारों
loksabhavalee,लोकसभावाली,अकाभावी
kabahaa,कबहा,ाहा
bhraantiyon,भ्रांतियों,नातियों
vivekahin,विवेकहीन,वेकाहिन
balmiki,बाल्मीकि,बलिकी
haryana,हरयाणा,ह्याना
jivraj,जीवराज,राज
flynn,फ्लिन,निन
rana,राणा,ा
vishnupura,विष्णुपुरा,न्नुपुरा
ghotaalebaajon,घोटालेबाजों,आतालेबाजों
hairatangenz,हैरतअंगेज़,हैरतंगेंज़
takaleephadeh,तकलीफ़देह,लेलिफादेह
peepaadh,पीपाड़,अपाध
dhabhaashaaraa,धभाशारा,ाशारा
antdiyan,अंतडियां,द्तियां
robin,राबिन,िन्न
singar,सिंगार,रार
gumshudagi,गुमशुदगी,गुशुदागी
balkrishna,बालकृष्ण,रिक्रीशना
phabti,फब्ती,ट्टी
palatne,पलटने,न्नेने
lahlahaati,लहलहाती,लाहाटी
nagaada,नगाड़ा,नादा
udanen,उड़ानें,नदन
klein,क्लेन,इन
juloos,जूलूस,सूस
karyabhar,कार्यभार,भाभर
manto,मंटो,ओ
paimaish,पैमाइश,मैश
covina,कोविना,विना
penshan,पेंषन,न्न
ogastaavestalaind,ऑगस्टावेस्टलैंड,सास्टावेस्टलिंड
centreeng,सैंट्रींग,ड्रीनग
activa,ऐक्टिवा,यिवा
barker,बार्कर,रकर
valkan,वल्कन,कन
vruton,वृत्तों,न्यों
kabaddi,कबड्डी,दड़ी
raunakh,रौनक़,नाख
caitlyn,कैटलिन,लियान
phoos,फूस,स
jangadnaa,जनगणना,गडना
upakhyaanon,उपाख्यानों,खुख्यानों
sundram,सुंदरम,्द्रम
cochin,कोचीन,निन
neko,नेको,ओ
kaushal,कौशल,लाल
phaliya,फालिया,यिया
acevedo,एस्वेडो,वेवेडो
kottayam,कोट्टयम,त्यायम
dilaaega,दिलाएगा,अागागा
kurvi,कर्वी,वी
saunpengi,सौंपेंगी,नपेंगी
lekhan,लेख़न,खन
gudepu,गुडेपु,गुडपु
pharase,फरसे,ज़े
nubiya,नूबिया,यिया
taja,ताजा,जा
aantrit,आंत्रित,त्रित
qazi,काजी,जी
murgipalan,मुर्गीपालन,आरिपालन
eddy,एड्डी,यी
nagine,नगीने,नेन
subha,सुब्हा,अ
luis,लुइस,सिस
vijayapuram,विजयापुरम,वियायुरम
bataao,बताअाे,ओं
ochoa,ओकोआ,याओ
science,साइंस,सेन
sarkarein,सरकारें,रालेन
bremerton,ब्रेमटन,रेमर्टन
gurupado,गुरुपदो,पुरुपदो
sanyukt,संयुक्त,युक्त
raalod,रालोद,डोड
baadhaon,बाधाओं,ओंन
gaumutra,गौमूत्र,ुत्रा
sabhaen,सभाएं,नेन
tani,तनी,टी
delhi,दिल्ली,हलही
suken,सुजेन,नेन
vineet,विनीत,इनिट
chimate,चिमाते,टेटे
kikiyana,किकियाना,यियाना
rocket,रकेट,केट
maxwell,मैक्सवेल,एवेल्ल
hippo,हिप्पो,हिपो
deepan,दीपन,दीपन
arymaa,अर्यमा,ामा
bhulata,भूलता,लाटा
karmaacharee,कर्माचारी,ााचारी
durgapur,दुर्गापुर,दुरगुर
tribhaashaa,त्रिभाषा,भृषा
soodkhoron,सूदखोरों,खाखोरों
prastaavon,प्रस्तावों,त्तावों
survin,सुरवीन,विन
prapti,प्राप्ती,पटि
girivaasiyon,गिरिवासियों,विवासियों
siducing,सिडयूसिंग,सुसिंग
welwet,वेलवेट,व्यूटेट
muqarrar,मुक़र्रर,रारार
baxter,बैक्सटर,क्सटर
denier,डेनिअर,इनर
cw,सीडब्ल्यू,वे
uthani,उठनी,उठानी
ghasi,घासी,सी
ikattha,इकट्ठा,ट्ठा
bhupsingh,भूपसिंह,सुफिंह
dabochne,दबोचने,ोफाने
crosby,क्रॉस्बी,सबी
naameegiraamee,नामीगिरामी,मीगिरामी
hurley,हर्ले,लेये
jarda,जर्दा,अाडा
liepradhanmantri,लिएप्रधानमंत्री,लेप्रधानमंत्री
bhranti,भ्रांति,न्ति
agencyyon,ऐजेंसियों,नेंस्याओं
bago,बागो,ओ
forcee,फारसी,सीई
bosaan,बोसान,अन
karki,कार्की,इकी
ginate,गिनते,ते
manokaamnaaon,मनोकामनाओं,कोकामनाओं
sammpattiyaan,संम्पत्तियां,मंत्तियां
politheenon,पॉलिथीनों,िथिनोन
mtake,एमटेक,केक
parichar,परिचर,चार
badabadee,बडबडी,बादी
crane,क्रेन,न
laamiyaan,लामियां,यियां
ulhasnagar,उल्हासनगर,ह्लासनगर
prabhanmantri,प्रभानमंत्री,भाराणमंत्री
shiwalapurwa,शिवालापुरवा,लापुरवा
ferth,फर्थ,च्यू
suhagin,सुहागिन,हुनिन
saraikela,सरायकेला,केला
romeoville,रोमियोविल,वाइविले
raajsthanvasiyon,राजस्थानवासियों,सस्थानवसियों
pratirodhaatmak,प्रतिरोधात्मक,रिरोधात्मक
svarnikaa,स्वर्णिका,अर्णिका
vyavasthapana,व्यवस्थापना,व्यवस्थापना
tel,तेल,ट
galatfahmi,ग़लतफ़हमी,गालफ़ामी
takeinsider,टेकइनसाइडर,एसिंसराइडर
microfiber,माइक्रोफाइबर,रिफिबर
shreemahapoorn,श्रीमहापूर्ण,मीमहापूर्ण
fallujaa,फ़ल्लूजा,उलूजा
donaldson,डोनल्डसन,लाल्डसन
chadhne,चढ़ने,ने
jeevvigyaaniyon,जीवविज्ञानियों,विविज्ञानियों
cricketing,क्रिकेटिंग,क्रिकेटिंग
reduction,रिडक्शन,क्यूक्शन
awaazen,आवाज़ें,जाजन
wlaad,व्लाद,दाद
prathmik,प्राथमिक,अर्थमिक
thenga,ठेंगा,गा
excel,एक्सेल,सीएल
chatakaate,चटकाते,ककाते
kubuddin,कुबुद्दीन,दुद्दीन
taaza,ताजा,जा
padani,पड़नी,नानी
nichaai,नीचाई,आचि
wausau,वौसौ,उसौ
aalochakon,आलोचकों,कालोकाकों
jaljale,ज़लज़ले,लेल
surat,सूरत,टार
jeevati,जीवति,टेटी
prahaarak,प्रहारक,ाराक
shreesadguru,श्रीसद्गुरु,सिसादगुरु
sanchalanon,संचालनों,लानानों
bhal,भाल,ल
tughlaq,तुगलक,टुलक
uthaapatak,उठापटक,उठापक
hastaantaraneey,हस्तांतरणीय,हासांतरणीयी
utsaahawarddhan,उत्साहवर्द्धन,अताहावर्धान
sangoshtree,संगोष्ट्री,ोसोश्तरी
shaasanadhikariyon,शासनाधिकारियों,नानाधिकारियों
mahadhipatiyon,महाधिपतियों,धाधिपतियों
fatima,फातिमा,मिमा
fode,फोड़े,ड
kantinyoo,कंटिन्यू,नियू
kaamanaen,कामानाएं,नाएं
chutile,चुटीले,ले
sankhyaen,संख्याएं,याएं
kranj,करंज,रंज
barsata,बरसाता,टाटा
parikalpit,परिकल्पित,कल्पित
harpal,हरपाल,हल
maaoont,माऊंट,नोट
grover,ग्रोवर,रवर
biolozis,बायोलॉजिस्,लोज़िस
halisahar,हालिशहर,हिसाहार
angelo,एंजेलो,लेलो
janeudharee,जनेऊधारी,उद्धरी
bichbachaav,बीचबचाव,भाचाव
pokar,पोकर,र
apvartit,अपवर्तित,वर्तित
aastin,आस्तीन,इन
pratishthaavaale,प्रतिष्ठावाले,श्थावाले
buenaventura,ब्युनावेंचुरा,नेवेंटुरा
deccan,डेक्कन,क्सेन
seriw,सेरिव,विर
pardaa,पर्दा,ाआ
emile,एमिल,ले
shaili,शैली,ली
eastvale,ईस्टवेल,व्लेल
chhallaa,छल्ला,अाला
lakshyon,लक्ष्यों,श्ष्यों
hoaf,हॉफ,फ
jarurih,जरूरीः,रुरीह
rahya,रह्या,या
mahkane,महकने,ानेन
devi,देवी,ई
nielsen,नील्सन,स्सेन
bhira,भीरा,अा
chabutare,चबूतरे,टूटर
bhushan,भूषण,शन
rukte,रुकते,केटे
aamdani,आमदनी,आमदानी
talkshow,टॉकशो,तल्कोवोव
junagadh,जूनागढ़,नुगाध
padhata,पढ़ाता,टा
odhakar,ओढ़कर,खार
broke,ब्रोक,के
talaasha,तलाशा,शाला
parivaarwaale,परिवारवाले,वारवाले
trubyunal,ट्रिब्यूनल,ब्रुयुनल
brock,ब्रोक,क्रेक
yallaappaa,यल्लाप्पा,अलापपा
tasvaron,तस्वारों,वारों
tugalaki,तुगलकी,टुगलिकी
pick,पिक,क
circulation,सर्किलेशन,कुलेशन
jvar,ज्वार,र
kanindham,कनिंघम,धानम
kush,कुश,श
properfacebuk,प्रॉपरफेसबुक,पोपरफेसबिक
ashrafi,अशरफी,फरी
chadhen,चढ़ें,नेन
vangchuk,वांगचुक,चचक
honeywell,हनीवेल,होनीवेल
radiumdharmee,रेडियमधर्मी,इद्यमधरीमी
ladhege,लड़ेगे,गेडे
sachan,सचन,न्न
arthshastriyon,अर्थशास्त्रीयों,श्षश्त्रियों
canton,कैंटन,नं
aatmamugdha,आत्ममुग्ध,मामुग्धा
pontiac,पॉन्टिएक,ियास
lopez,लोपेज़,जेज
ghontanaa,घोंटना,न्तना
ambani,अम्बानी,अंबी
maryadaon,मर्यादाओं,दादाओं
ratlam,रतलाम,ल्म
hercules,हरक्यूलिस,अरक्युलेस
akola,अकोला,लोला
sakshan,सक्शन,शालन
notbandeeshuda,नोटबंदीशुदा,नोबंदीशुद
lagavaatee,लगवाती,वावती
alive,अलाइव,वे
jivant,जीवंत,अन्त
foda,फोड़ा,अा
fatahee,फटही,ही
noobiyaa,नूबिया,ियिया
lalmanee,लालमणी,नानी
faisala,फ़ैसला,लाला
krutyaa,कृत्या,य्या
dhuan,धुआं,दुआन
ahuja,आहूजा,जुजा
pratipaalpur,प्रतिपालपुर,त्रिपालपुर
namkeen,नमकीन,मीन
manjilen,मंजिलें,लेन
laffaajee,लफ्फाजी,फाजी
juraab,जुराब,ाबा
fulae,फुलाए,ए
castalloy,केस्टालॉय,लटालोय
black,ब्लैक,केस
sooraj,सूरज,ज
bronch,ब्रॉन्च,चंच
avarnataa,अवर्णता,रनाता
johari,जोहरी,जोरि
tevree,तेवरी,यरी
sanders,सेंडर्स,डर्स
welder,वेल्डर,डरर
eneeyoo,एनईयू,यून
bharashtachaariyon,भरष्टाचारियों,शाष्टाचारियों
laalmanee,लालमणी,नानी
khaatedaar,खातेदार,देदार
aazmaanaa,आजमाना,माना
aavrittiyon,आवृत्तियों,तित्तियों
kullawee,कुल्लवी,लेवी
bahawalpur,बहावलपुर,बाहालपुर
prathmikta,प्राथमिकता,म्तिकता
mobile,मोबाइल,लेले
katihar,कटिहार,हिरार
swecha,स्वेच्छा,चाचा
haamidan,हामिदन,हामदान
samdharshni,समदर्शिनी,दाधर्षणी
dridh,दृढ़,धिध
gond,गोंद,ड
wishesh,विशेश,शेश
kaabilegour,काबिलेगौर,बाइलेगौर
laurense,लौरेंस,लेंस
hisham,हिशाम,हम
chausinga,चौसिंगा,सिंगा
pafin,पफिन,न
mate,मेट,
buildcon,बिल्डकॉन,ल्डकॉन
teekon,टीकों,टोन
athak,अथक,कक
jindagee,जिदंगी,दंजी
chayal,चायल,ल
maap,माप,प
last,लास्ट,टी
gajra,गजरा,रा
ratrichar,रात्रिचर,रिचार
kaathalaa,काथला,लाला
sahuuliyata,सहूलियत,उललियाता
pattnaik,पटनायक,न्टनायक
nyayalayeen,न्यायालयीन,अयालयीन
mukhyamantriyon,मुख्यमंत्रियाें,मायांत्रियों
jeetanewalon,जीतनेवालों,नेनावालों
swaphoto,स्वफ़ोटो,फाफोटो
clifton,क्लिफ्टन,फिल्टन
doda,डोडा,अा
pendulum,पेंडुलम,ुलुम
chipakane,चिपकने,काकाने
nalakasa,नलकसा,काकासा
chhah,छह,
gond,गोंड,ड
sameekshaakartaa,समीक्षाकर्ता,मीश्कर्ता
mantripad,मंत्रीपद,रिपड़
liberation,लिब्रेशन,रेशन
asamaany,असमान्य,माण्य
chungiyon,चुंगियों,िंजों
arica,एरिका,काया
balot,बेलोट,टोट
thin,थींं,टिन
formic,फार्मिक,फार्मिक
yuddhak,युद्धक,द्यादक
vegas,वेगास,साज
las,लास्ट,ज
chitranshi,चित्रांशी,र्तांशी
avranta,अवर्णता,रांता
wasting,वेस्टिंग,टिंग
vitark,वितर्क,रक
mukabaale,मुकबाले,बाबल
dharmapoorwee,धर्मपूर्वी,पापूरवी
ambaani,अंबानी,अंनी
ibija,इबीजा,जिजा
mahamedia,महामीडिया,डेडिया
suzlon,सुज़लोन,लों
varnit,वर्णित,नित
jhuthlane,झुठलाने,लाने
madurai,मदुरई,उदारई
kaundal,कौण्डल,नडल
lapatta,लापत्ता,लत्ता
kshin,क्षीण,न
tewaree,तेवरी,अरी
raichur,रायचूर,रायूरुर
lindon,लिंडन,न्डोन
pulama,पुलमा,मा
olraunder,ऑलराउंडर,अरौंडर
garibon,ग़रीबों,बिबोन
callahan,कालाहान,अलाहन
wabag,वाबाग,गाग
kaipdhari,कैपधारी,धाधारी
atta,आटा,एटा
bareli,बरेली,लेली
jing,जिंग,गं
jivan,जीवन,न्न
reddy,रेड्डी,यी
pehni,पहनी,न्नी
tanu,तनु,टु
deepika,दीपिका,डिपिका
lohati,लोहाती,लाटी
kakkad,कक्कड़,कड़
maulviyon,मौलवियों,वियों
dungarpur,डूंगरपुर,दुंगरपुर
zaalaanaa,झालाना,लाना
lakme,लक्मे,मे
prospectus,प्रोस्पैक्ट्स,स्प्पेक्चसस
westinghouse,वेस्टिंगहाउस,स्टिंघाउस
bawara,बावरा,ारा
thakkr,ठक्कर,क्क्र
ichchhaachaaree,इच्छाचारी,छाचारी
triya,त्रिया,या
dhavakon,धावकों,दावकों
damle,दामले,ले
shravanabelagola,श्रवणाबेलागोला,अानबेलगोला
nilkamal,नीलकमल,कालामाल
karmacharee,कर्माचारी,ाचारी
poorwottar,पूर्वाेत्तर,व्रोट्टर
lehrayi,लहराई,हेरायी
haito,हैतो,हाओ
prakaandh,प्रकाण्ड़,ाखांड
khelmantree,खेलमंत्री,म्नांट्री
bhavishya,भविष्य,शिष्य
egmor,एगमोर,मोर
shringar,शृंगार,गंगर
saupengee,सौंपेंगी,नेजी
knoxville,नॉक्सविल,क्सविलेले
bender,बेंडर,डर
sundaram,सुंदरम,अदरम
pradesh,प्रदेश,सेश
samvedikaran,संवेदीकरण,व्वेदीकरण
laguna,लगुना,लगुणा
bhisham,भीष्म,म
yemmiganur,येम्मिगनुर,यमिगणुर
huhtamaki,हुहतमाकी,हुहतामकी
vadli,वडाली,ल्ली
gail,गेल,ल
race,रेस,स
salazar,सालाज़र,जार
diphtheria,डिप्थीरिया,रियारिया
dradh,दृढ़,ध
shadadhi,शदधि,धाधि
prabodhini,प्रबोधिनी,बाबोधिनी
lokpratinidhiyon,लोकप्रतिनिधियों,पप्रतिनिधियों
jatati,जताती,टाटी
mangla,मंगला,लाला
berwyn,बर्विन,वर्यन
mum,मम,म
udaygadhi,उदयगढ़ी,उदयगढी
akapulko,अकापुल्को,पापुलको
vaidhruti,वैधृति,ध्रुटि
charanbaddh,चरणबद्घ,नारबद्ध
mandadi,मनदड़ी,दादी
euclid,यूक्लिड,लकिड
paarampariktaa,पारंपरिकता,प्परिकता
hafate,हांफते,हटे
sathiya,साथिया,यिया
sanghiyataa,संघीयता,यियाता
mukhyaatithiyon,मुख्यअतिथियों,आखातिथियों
vyavasthavirodhi,व्यवस्थाविरोधी,व्यवस्थविरोधी
raktadaataaon,रक्तदाताओं,दतादाताओं
baramade,बरामदे,बादे
tarutal,तरुतल,टालल
kutta,कुत्ता,टा
jhaadaa,झाड़ा,आदा
kishun,किशुन,उं
schaeffler,स्कैफ़लर,फफ्लर
amrohi,अमरोही,रोही
raidical,रैडिकल,डाइकल
jenner,जेनर,रेन
varshiya,वर्षिय,यिया
hasino,हसीनों,हिनो
shaavakon,शावकों,कावकों
rupa,रूपा,अपा
swaarthparak,स्वार्थपरक,र्थपरक
weronika,वेरोनिका,नोरिका
webb,वेब,ब्ब
mahapatra,महापात्रा,पत्र
chenkein,छींके,एलेन
agra,अग्र,ा
jiyaangkou,जियांगकोऊ,जायंगुयू
westwork,वेस्टवर्क,स्टवर्क
janaganna,जनगणना,जाननना
pasco,पास्को,ओ
jadhav,जाधव,वाव
enterprise,एंटरप्राइज,रेपराइज
sanshayon,संशयों,यायों
varnavyavasthaavaadiyon,वर्णव्यवस्थावादियों,वाण्यवस्थावादियों
upasthiyon,उपस्थियों,शुष्टियों
mudichu,मुडिचु,मुचु
parnstaron,पर्नस्टारों,स्सटारोन
ia,ईए,या
baila,बैला,अला
livaal,लिवाल,लाल
hillsboro,हिल्सबोरो,ल्सबोरो
rashtriyadhyaksha,राष्ट्रियाध्यक्ष,त्र्रियाध्यक्षा
peedablyootee,पीडब्ल्यूटी,बाडाबलायूटी
thousand,थाउजेंड,संड
shaakir,शाकिर,कर
salahkaar,सलाहकार,हालकार
vishwakarma,विश्वकर्मा,कार्मा
ridge,रिज,जि
swaasthyaheenataa,स्वास्थ्यहीनता,सास्थाहीनताता
rishvatkhor,रिश्वतखोर,शिवतखोर
praavinses,प्राविंसेस,विंसेस
daftarvaale,दफ्तरवाले,अरवाले
physician,फिजिशियन,सिसियन
log,लोग,ज
jodhika,जोधिका,जोधिका
sevalaa,सेवाला,लाला
doobat,डूबत,दात
sipah,सिपाह,हा
bharamaa,भरमा,ामा
prtigyaa,प्रतिज्ञा,जिज्ञा
meghwal,मेघवाल,लाव
nandoi,नंदोई,आईओई
aurora,ऑरोरा,रा
formuley,फार्मूले,म्यूलेये
durghtna,दुर्घटना,ग्त्ना
swatantrasingh,स्वतंत्रसिंह,तांत्रसिंह
monterey,मोंटेरे,रेरी
baalti,बाल्टी,टी
columbia,कोलंबिया,बिया
whittier,व्हिटियर,टियर
dukke,दुक्के,दके
cubeck,क्यूबेक,केक
chamakna,चमकना,कान्का
sheelbhag,शीलभंग,भाखाग
bistagond,बिस्तागोंड,त्तागोंड
findlay,फाइंडले,डंडले
bapaa,बापा,ा
dehra,देहरा,अरा
aise,ऐसे,ज
shrankhala,श्रंखला,खाला
hastaaksharon,हस्ताक्षरों,हासक्षरों
tirupati,तिरुपति,टिपुटी
mangalmoortih,मंगलमूर्तिः,लालमूर्तिह
kursiyon,कुर्सियों,सियों
mithaiyaan,मिठाइयाँ,यियायन
pahno,पहनो,ओन
halebid,हैलबिड,हेबेडि
bangsh,बंगश,श्ष
officially,ऑफिशियली,सियली
sevai,सेंवई,एवाई
gurjar,गुर्जर,राज
samanvayaka,समन्वयक,नावयका
parnel,पार्नेल,लेल
sunsan,सूनसान,नसन
cusex,क्यूसैक्स,ससेक्स
madhya,मध्य,या
yudhrat,युद्धरत,दुधरात
urbandale,अर्बनडेल,ंदले
briggs,ब्रिग्स,गिस्स
error,एरर,रोर
chikhali,चिखली,लाली
waan,वाण,न
adhikaariyaan,अधिकारियां,किकारियां
roanoke,रोनोक,नोके
haokip,हाओकिप,हाओकिप
poorvapekshaaon,पूर्वापेक्षाओं,पवपेक्षाओं
masheenawat,मशीनवत,निनावत
kadmo,कदमो,मो
kurami,कुरमी,माली
vidyaathyon,विद्याथयों,याद्यात्यों
simtataa,सिमटता,तता
sangrur,संगरूर,रुर
strongsville,स्ट्रोंगस्विल,न्रोंजविलेल
agvaai,अगवाई,अवी
jangan,जनगन,नन
nagraj,नागराज,जराज
yariyan,यारियां,अन
bhagyeshwar,भाग्येष्वर,येश्वर
jivati,जीवति,टि
sudkhoron,सूदखोरों,खोडोरों
rukwaakar,रुकवाकर,वाकर
brahmvarta,ब्रह्मवर्ता,म्ववर्ता
gray,ग्रे,ये
bhraanti,भ्रांति,न्ति
purooshottamapur,पुरूषोत्तमपुर,शुशोत्तमपुर
teji,तेजी,जी
svaatan,स्वातं,टान
mantarimandaliya,मंत्रिमंडलीय,मतरिमंडलियाया
ashley,एशले,लेय
mathews,मेथिव्स,वेज
moolon,मूलों,नन
akzo,एक्ज़ो,ओजो
hamirpur,हमीरपुर,हामिरपुर
pokhriyal,पोखरियाल,यियाल
bolateen,बोलतीं,तेनीन
pratishthavale,प्रतिष्ठावाले,श्थावले
dabangata,दबंगता,दंगता
dhuriya,धुरिया,युया
teap,टिप,प
gazi,गाज़ी,जी
ijajat,इजाजत,जाजत
mejbani,मेज़बानी,बाबानी
toledo,टोलेडो,डेडो
mohadhaa,मोहड़ा,दाहा
putli,पुतली,ली
sanchari,संचारी,राची
taapanee,टापनी,नानी
little,लिटिल,ल
narnaari,नरनारी,नरानी
dhaniye,धनिये,दिये
gadhoonga,गाड़ूँगा,ऊंगा
faadi,फाड़ी,डी
gammat,गम्मत,गमट
tuberculosis,ट्यूबरक्यूलोसिस,टरकुलोसिस
nagarjuna,नागार्जुन,नागरुना
raajneechi,राजनीचि,नाजनीची
medizensar,मेडिजेन्सर,जिजेंसर
laphphaajee,लफ्फाजी,फागाई
commerce,कॉमर्स,मेरस
maathaloo,माथलू,लू
chatagaon,चटगांव,गागां
hilig,हीलिग,हिलिग
isnpector,इस्न्पेक्टोर,स्नपेक्टर
testing,टेस्टिंग,टिंटिंग
naushad,नौशाद,दाद
falluja,फ़ल्लूजा,ल्यूजा
pik,पिक,क
jiwan,जीवन,निव
katal,कताल,ल
dablyooeeef,डब्ल्यूईएफ,ल्लायूज़िफ
besil,बेसिल,लिल
slidon,स्लाइडों,डिंन
saindan,सैंदान,न्दान
jeremy,जेरेमी,मेयी
gaanv,गॉंव,वंव
todenge,तोड़ेंगे,टेंगे
udaan,उड़ान,उदान
saptkraanti,सप्तक्रांति,क्टक्रान्ति
miranda,मिरांडा,ंदा
vyapak,व्यापक,पायक
maddy,मैडी,यी
sabhasadon,सभासदों,सासदों
nauvahan,नौवहन,नावान
atmaen,आत्माएं,एन
rosa,रोज़ा,अा
damaae,दमाए,दाए
midwest,मिडवेस्ट,वाइस्ट
trelarah,ट्रेलरः,लेराह
marlborough,मालबर,बलबोरोघ
waco,वाको,ओ
vimarshon,विमर्शों,र्षों
khan,खान,
difarard,डिफरर्ड,अराराड
sarsaa,सरसा,ासा
hester,हेस्टर,हेस्रर
uttar,उत्तर,तर
kasera,कसेरा,रारा
kuraaane,कुरआने,ााने
dayitvon,दायित्वों,दित्वों
chayaniton,चयनितों,नितों
morales,मोराल्स,लेस
heros,हीरोज,होस
premamoolak,प्रेममूलक,मेमामूलक
moran,मोरन,न
zydus,ज़ाइडस,जादुस
nelson,नेल्सन,नसन
amarpal,अमरपाल,परलाल
phatne,फटने,ने
tinka,टिंका,टा
gaayikaao,गायिकाओ,यिकाओ
pakayen,पकाएं,येन
bhrashtachariyon,भ्रष्टाचारीयों,शताचारियों
chalit,चालित,टिट
affle,एफल,ल
mod,मॉड,
rajnitikaaron,राजनीतिकारों,ननितिकारों
arthon,अर्थों,नों
gaaligalauj,गालीगलौज,गिगलौज
anyonyashritata,अन्योन्याश्रितता,यन्यश्रीतता
udaya,उडाया,युआ
cutlery,कटलरी,लरी
pratibandhah,प्रतिबन्धः,बिबंधाह
neelaabh,नीलाभ,अभाभ
bilae,बिलाई,ए
khullamkhulla,खुल्लमखुल्ला,ललखुल्ला
swanson,स्वानसन,नसन
anvaahaarya,अन्वाहार्य,अाहार्य
rewari,रेवाड़ी,रेयरी
sahkalakar,सहकलाकार,लाकार
championship,चैंपियनशिप,सियनशिप
bhadkaayaa,भड़काया,काकाया
namdhari,नामधारी,हाधरी
alba,अल्बा,अमा
watanukoollan,वातानुकूलन,नुकूल्लन
khaatadhaarak,खाताधारक,ाधारक
texas,टेक्सस,स्कास
special,स्पेशल,सियल
harvansh,हरवंश,ह्रांश
dinu,दीनु,दुनु
shaniwar,शनिवार,वार
de,डीई,डी
dabi,डाबी,आई
nahinkarvaaee,नहींकरवाई,कंकरवाई
maarvaad,मारवाड़,वाद
peediyon,पीड़ियों,दियों
brigton,ब्रिगटन,गटन
mnaey,मनाए,ये
ligar,लिगर,रार
dilaega,दिलाएगा,गाएगा
aadhin,आधीन,निन
parwa,परवा,अवा
hempstead,हेम्प्सटेड,हेप्सटीड
mamooli,मामूली,लाली
pradeshikaa,प्रदेशिका,जेशिका
verification,वैरीफ़िकेशन,फिजेशन
fefada,फेफड़ा,फाडा
wisangatiyaa,विसंगतिया,गांगतिया
kachchhe,कच्छे,छे
ghost,घोस्ट,टी
pipli,पिपली,लि
lovasa,लवासा,सासा
helper,हेल्पर,ह्पर
doobnewaale,डूबनेवाले,न्वेआले
bakhshane,बख्शने,नाने
indriyonke,इन्द्रियोंके,इंद्रियोंके
barhad,बरहद,द
risaalee,रिसाली,लाई
kaksheevati,काक्षीवती,शियावती
vishvarakt,विश्वरक्त,व्रावक्त
lodi,लोदी,ईडी
peachtree,पीचट्री,च्ट्री
ghumakkdon,घुमक्कड़ों,गुक्कडों
ojha,ओझा,जा
ilaaj,इलाज़,जाज
arunai,अरुणाई,नुनई
ayodhyeanath,अयोध्यानाथ,धोध्येनाथ
bhautikwadiyon,भौतिकवादियों,तिक्वादियों
roket,रकेट,केट
nurochemistry,न्यूरोकेमिस्ट्री,कोचेमिस्ट्री
coldvel,काल्डवेल,वेलवेल
aawaazen,आवाज़ें,अज़ेन
mool,मूल,ल
multiplexon,मल्टिप्लेक्सों,सिपलेक्सन
tyoihar,त्यौहार,त्योयार
rotation,रोटेशन,टियन
belacha,बेलचा,चाचा
sahakalaakar,सहकलाकार,कलाकर
jadit,जड़ित,तित
nagaaraa,नगाड़ा,ारा
barpaya,बरपाया,याया
doongarpur,डूंगरपुर,दुंगरपुर
land,लैंड,ड
uchchhrunkhalataa,उच्छृंखलता,चछ्रुखालता
failaiya,फैलाइए,लेया
suchi,सूची,ची
noon,नून,न
rp,आरपी,ट
shield,सील्ड,ड
palanpur,पालनपुर,अनपुर
electrosteel,इलेक्ट्रोस्टील,सिक्ट्रोस्टेल
obscura,ऑब्स्क्योरा,स्क्यूरा
cigretton,सिगरेटों,ट्रेटन
dikhaee,दिखाईं,ए
russell,रसल,लेसल
nazarandaaz,नजरंदाज,राण्डाज़
kualalampoor,कुआलालंपूर,लालमपूर
austin,ऑस्टिन,िन
raidcras,रैडक्रास,ड्क्रास
tcns,टीसीएनएस,एनसीएस
svaayattshasan,स्वायत्तशासन,अवायत्षासन
mood,मूड,
daulatabad,दौलताबाद,दलताबाद
bhulta,भूलता,ल्टा
pratikaara,प्रतिकारा,कियारा
nights,नाइट्रस,ट्स
nakam,नाकाम,मां
shutting,शुटिंग,टिंग
raashtra,राष्ट्रा,्र्रा
bechkar,बेचकर,कार
stone,स्टोन,न
wardha,वर्धा,हा
deedablyutee,डीडब्ल्यूटी,डिडाबलयुटी
desabathula,देसबथुला,साबाथुला
baapa,बापा,अ
baghbaan,बाघबान,अंन
aadeshah,आदेशः,शेहाह
udelkar,उड़ेलकर,लेलकर
tarko,तर्कों,टो
yaaddaasht,याद्दाश्त,दाशत
inhalation,इनहेलेशन,लालियन
safradganj,सफरदगंज,रादगंज
roopak,रूपक,कापक
scranton,स्क्रेनटन,न्रांटन
varnavyavasthaawaadiyon,वर्णव्यवस्थावादियों,वाण्यवस्थावादियों
shikshakarmiyon,शिक्षाकार्मियों,च्षकर्मियों
khandelwal,खंडेलवाल,लेलवाल
beverages,बेवरेजेस,रेजेज
pidiya,पीडिया,यिया
nadaf,नदफ,फाफ
jehe,जेहे,ज
dhahaaenge,ढहाएँगे,दाएंगे
mastmaula,मस्तमौला,म्यूला
agartala,अगरतला,लातला
jamayaa,जमाया,याया
pardesi,परदेसी,देसेई
arya,आर्यों,या
velvet,वेलवेट,विटेट
aapdaein,आपदाएं,दाईं
aagashe,आगाशे,शे
achchi,अच्छी,च्ची
udghosh,उदघोष,घोडोष
swabhawatah,स्वभावतः,भाभातः
bani,बानी,
raykar,राइकर,कर
pidilite,पीडीलाइट,लिटिटे
dual,ड्युअल,ल
bheera,भीरा,ारा
silva,सिल्वा,अवा
adhikaran,अधिकरन,काराण
rangkata,रंजकता,रंकटा
srichakra,श्रीचक्र,चाक्र
gowmutra,गौमूत्र,मुट्रा
nichalaa,निचला,लाला
burhanpur,बुरहानपुर,बुरहांपुर
sahooliyata,सहूलियत,उलियाता
labdh,लब्ध,ध्ध
poole,पूल,
strasion,स्ट्रेशन,सियन
picking,पीकिंग,इंग
oditar,ऑडिटर,तुर
deniar,डेनिअर,आइनर
ajit,अजित,टि
langdon,लैंगडन,दुदन
avashist,अवशिष्ट,शिस्त
jha,झ,ज़ा
prashasnik,प्रशासनिक,राशासिक
bossier,बोसीयर,इयर
badhachadhakar,बढ़ाचढ़ाकर,चाछादर
giridih,गिरिडीह,दिधिह
bhuj,भुज,ज
reading,रीडिंग,अडिंग
fawaare,फव्वारे,अरे
advait,अद्वैत,अवेट
rukate,रुकते,टेट
anonditaa,अनोंदिता,नोंडिआ
fontana,फोंटाना,न्टना
nyutriyo,न्यूट्रियो,चुत्रियो
pailoton,पायलटों,टोटन
jaden,जड़ें,एन
boriwali,बोरीवली,रीवाली
ilaichi,इलाइची,इलाची
alliance,एलियंस,अनिस
dhammaa,धम्मा,मा
nahargadh,नाहरगढ,रागढ़
nsiu,एनएसआईयू,यूयू
sapaat,सपाट,टाट
lengdan,लैंगडन,लंगान
panama,पनामा,मा
putle,पुतले,ल
aasaapaas,आसापास,अपास
alwadhi,अल्वधि,वालाभिडी
mufalisi,मुफलिसी,लालीसी
sansathaan,संसथान,ठातन
darshnaarthee,दर्शनार्थी,न्राठी
lokotsav,लोकोत्सव,कोटसव
graahakonne,ग्राहकोंने,गाहाकोनने
uchchaadhikaareeyo,उच्चअधिकारीयो,चछाधियारीयो
bhav,बहाव,व
reja,रेजा,जा
motherson,मदरसन,र्सन
kauplaiks,काॅप्लेक्स,लप्लैक्स
aaburod,आबूरोड,रुड
heidelbergceat,हैडलबेर्गसिएट,हेडेलबर्गेसिट
chimati,चिमटी,टाइ
surfactants,सर्फेकटेंट्स,अफ्राक्टेंट्स
mitao,मिटाओ,ओट
kailana,कायलाना,अनाना
tankar,टंकार,रार
odhkar,ओढ़कर,कार
merta,मेड़ता,एटा
megavaal,मेगवाल,वावल
rasyanik,रसायनिक,रस्यानिक
soochnah,सूचनाः,न्नह
sugamata,सुगमता,मामाता
jockey,जोकि,के
munaf,मुनाफ,फाफ
niswarth,निस्वार्थ,र्वाथ
kshetradwaaraa,क्षेत्रद्वारा,तेत्रद्वारारा
mahawar,महावर,वार
buldhana,बुलढाना,ढढाना
dhamkata,धमकाता,दकटा
bhusvami,भूस्वामी,मवमी
vigyan,विज्ञान,एन
quete,क्यूट,टिटे
bevkufana,बेवकूफाना,बेकूफाना
jajmau,जाजमऊ,माउ
beltran,बेल्ट्रान,ल्टारन
vilas,विलास,स्स
makhdumpur,मखदुमपुर,दाखुमपुर
kolorado,कोलोराडो,रोलादो
blackburn,ब्लैकबर्न,कैकबर्न
suniti,सुनीति,टिटी
ghigghee,घिग्घी,ही
flavonoids,फ्लेवनाइड्स,ल्वेवोनाइड्स
chahunmukhi,चहुंमुखी,चुनमुखी
supachye,सुपाच्य,चाच्ये
siratee,सिरती,टी
vishnu,विष्णु,विष्णु
chaudahavan,चौदहवां,दाहावन
chaudhari,चौधरी,दाधरी
aabru,आबरू,अबुरू
balurak,बलुरक,उलुरक
davangere,दावणगेरे,नंगेरे
anurit,अनुरीत,रुट
shipping,शिपिंग,पपिंग
patiala,पटियाला,लाला
jaanam,जानम,जम
financial,फाइनेंसियल,नेनियल
damae,दमाए,ए
policy,पालिसी,सियासी
icc,आइसीसी,टी
kuchchh,कुच्छ,छूछ
cheekhna,चीखना,न्ना
reliance,रिलायंस,अनिस
urvarakon,उर्वरकों,रवरकों
ravael,रवैल,लेल
ladhkiyon,लड़कियो,कढ़कियों
mukeshwaree,मुकेश्वरी,ेश्वरी
wankshetra,वनक्षेत्र,शेत्र
ummeede,उम्मीदे,मीडे
kahaavah,कहावह,वाह
kaantipoorn,कांतिपूर्ण,तिपूर्ण
badaaen,बड़ाएँ,एन
enseeaardablyusee,एनसीआरडब्ल्यूसी,जियार्डेबलिसिसिसेजी
pratibaddhataa,प्रतिबद्धाता,बिबद्धता
follow,फ़ॉलो,लोव
sevamukta,सेवामुक्त,वामुक्ता
evanston,इवान्स्टन,नस्टोन
charas,चरस,स
hills,हील्स,ल्स
robertsan,रॉबर्टसन,बर्टसन
bhadauriya,भदौरिया,औरिया
glaxosmithkline,ग्लैक्सोस्मिथक्लीन,क्सकोसमिथकलिने
producton,प्रॉडक्टों,डुक्टोन
guevara,गेवारा,अवरा
vigyaanon,विज्ञानों,वियानों
jarvis,जार्विस,सिस
laphz,लफ्ज,ज़ज
font,फॉन्ट,टंट
paradheen,पराधीन,हीन
shak,शक़,क
ganjhoo,गंझू,उनू
dit,डिट,टि
danptiyon,दंपतियों,दुतियों
maadhikhedhaa,माड़ीखेड़ा,खिखेधा
pratishthaanon,प्रतिष्ठानोंं,तिष्ठानों
soond,सूंड़,ड
ginte,गिनते,टे
alagalag,अलगअलग,गालाग
swastikakaar,स्वास्तिकाकार,स्तिकाकर
pratikaraa,प्रतिकारा,किकारा
aastik,आस्तिक,आसिक
niveshkartaa,निवेशकर्ता,शेषकर्ता
saval,सवाल,ल
sanskritiyan,संस्कृतियां,क्कृतियां
raubdar,रौबदार,बुदार
raghuram,रघुराम,रुरम
intaravyu,इंटरव्यु,इंतराव्युयुयु
chharhari,छरहरी,राही
sawyer,सॉयर,येर
bhasapa,भासपा,पापापा
jvaaron,ज्वारों,राणों
sansthita,संस्थिता,त्थिता
parshdon,पार्षदों,द्रदों
pulatskar,पुलत्स्कर,तास्कार
uthaaeange,उठाएँगे,उतानगे
laengee,लाएंगी,निजी
oeeef,ओईएफ,फ
valsad,वलसाड,दाद
mulon,मूलों,नन
putliyan,पुतलियां,लियां
shmil,शमिल,ल
riggs,रिग्स,ग्ग
camarillo,कैमेरिलो,लिलिलो
saflataa,सफ़लता,लाटा
vinasht,विनष्ट,शंत
kping,कपिंग,गिंग
jayalalithaa,जयललिता,लालिथा
items,आइटम्स,मेस
soccer,सॉकर,सर
asphalt,एस्फाल्ट,फ्पल्ट
mehrotra,मेहरोत्रा,टोरा
chune,चुने,एन
zarakh,जरख,खा
mejbaani,मेज़बानी,बाबानी
muflisi,मुफलिसी,लिसिसी
luna,लूना,अना
warnavyavasthaavaadiyon,वर्णव्यवस्थावादियों,न्वावास्थावादियों
lipaaee,लिपाई,एजी
uthni,उठनी,उथनी
bajaj,बजाज,ज
hisarah,हिसारः,हराह
dampatiyon,दंपतियों,दंपियों
watson,वॉटसन,नों
augustustine,अगस्टाइन,सुस्टस्टीने
pataakshep,पटाक्षेप,काक्षेप
dhandhekhoree,धंधेखोरी,दिखेखोरी
ubhregaa,उभरेगा,गुरेगा
anton,एंटोन,न्न
apardarshi,अपारदर्शी,राराधशी
nihlaani,निहलानी,निलानी
tivolee,टिवोली,लोएली
hogis,होगिस,होआस
winter,विंटर,र्टर
badalavaakar,बदलवाकर,लावाकर
ghumaee,घुमाई,एमी
petaluma,पेटालुमा,लालममा
beeemdablyooem,बीएमडब्ल्यूएम,मदाबलयूअम
bakhshate,बख्शते,चते
sanvedikaran,संवेदीकरण,देदीकरण
telon,तेलों,नोन
ghummakkadon,घुमक्कड़ों,गमकडों
haanfte,हांफते,हांफटे
farheen,फरहीन,नीन
james,जेम्स,स
kiratpur,कीरतपुर,तारातुर
redding,रेडिंग,डिंग
shaq,शक़,क
surprise,सरप्राइज़,रप्राइज
kisanon,किसानों,अनों
chalenge,चलेंगे,नेंजे
yoder,योडेर,डर
stein,स्टीन,इन
paithelojist,पैथेलॉजिस्ट,लेथेजिस्ट
labeling,लेबलिंग,लेबिलिंग
ikthiyosis,इक्थियोसिस,थियोसिस
liberation,लिबरेशन,रेशन
phoodon,फूडॉन,नन
nanhein,नन्हें,नेन
bhadauria,भदौरिया,ौरिया
jatilaa,जटिला,अला
pahunchanee,पहुंचनी,ंचनी
raashtron,राष्ट्रोंं,र्त्रों
blossom,ब्लॉसम,सोसोम
tandon,टंडन,टोन
gadbadbadee,गड़बड़बड़ी,बडडबाडी
sanasthita,संस्थिता,त्थिता
yatraen,यात्राएं,एन
aadan,आदान,न्न
javate,जावते,टे
niyuttiyon,नियुत्तियों,युयुट्टियों
bhishm,भीष्म,म
hundiya,हंडिया,हुंडिया
murgeepaalan,मुर्गीपालन,जीपालां
malekar,मालेकर,कर
loveland,लवलैंड,लेंड
mavey,मावे,ये
vikram,विक्रम,म्र
hanfte,हांफते,हैंटे
barrackpore,बैरकपुर,केकपोरो
ghaziabad,ग़ाज़ियाबाद,ज़ियाबाड
tarkon,तर्कों,टानों
spf,एसपीएफ,फ
artemis,आर्टेमिस,मेमिस
aipp,ऐप्प,पेप
jaiban,जयबाण,ज़ाबन
gairairaadatan,गैरइरादतन,गरायदतन
vivekadhin,विवेकाधीन,वेकाधिन
sabajooniyar,सबजूनियर,जाउनूनियार
faliya,फालिया,यिया
prekshakganon,प्रेक्षकगणों,केक्षकगणों
purvaasiyon,पुरवासियों,वारियों
vipannata,विपन्नता,विन्नाता
maanga,मांगा,गा
ordanens,ऑर्डनेंस,न्डेन्सन
pradhan,प्रधान,न्न
abhiyuktonke,अभियुक्तोंके,यभिक्तोंके
viratkhand,विराटखंड,खार्खांड
hijbul,हिजबुल,हाबुल
vidyaon,विद्याओं,यादाओं
manju,मंजू,मु
chhawindra,छविंद्र,ंद्र
chhupkar,छुपकर,ककर
doranda,डोरंडा,दंडा
saym,सायं,म
mithhaiyaan,मिठाइयाँ,योयायां
jeevvigyaniyon,जीवविज्ञानियों,विविज्ञानियों
pashtuun,पश्तून,उतुन
brahraachaarinee,ब्रह्राचारिणी,अर्राचारीनी
jerusalem,यरूशलेम,सुसेलम
altamonte,एल्टामोंटे,मामोंटे
sihuntaa,सिहुंता,ंचा
hemwati,हेमवती,हेव्वटी
koshadhikaaree,कोषाधिकारी,धाधिकारी
ashanka,आशंका,अंका
bean,बीन,न
vaigyanikata,वैज्ञानिकता,विज्ञानिकता
jheelon,झीलों,नों
robarto,रोबर्तो,बरतो
shrirampur,श्रीरामपुर,रिरामपुर
manchiya,मंचीय,यिया
vasoolataa,वसूलता,लूटा
morrison,मोरीसन,सिन
mhagranth,महाग्रंथ,गागरंथ
transistor,ट्रांजिस्टर,ट्राणसिस्टोर
sarvjaatiya,सर्वजातीय,ज्वातिया
patotsav,पाटोत्सव,तोत्सव
houkee,हाॅकी,ही
medithsan,मेडिथ्सन,दित्षण
udana,उड़ाना,उदाना
saraaymohiuddeenpur,सरायमोहिउद्दीनपुर,यायमोहियद्यीजीरुनपुर्पुणपुर्पुर्पुणपुर्पुर्पुणपुर्
petersburg,पीटर्सबर्ग,रेर्बबर्ग
ranjkatha,रंजकता,कजकथा
diya,दीया,एया
mohindar,माेहिंदर,िन्दर
mastek,मस्टेक,क्टेक
nirbadh,निर्बाध,बाध
ehsaas,एहसास,सास
avrutiyon,आवृत्तियों,उरुतियों
eshiyavan,एशियवन,यियावन
thki,थकी,टी
turbine,टरबाइन,इबिन
dimaak,दिमाक,माक
jodhpur,जोधपुर,दोधपुर
durdhara,दरदरा,ढ्रारा
khaastaur,ख़ासतौर,स्तौर
makrani,मकरानी,रारणी
high,हाई,ह
fatahi,फटही,हाही
mariya,मारिया,या
ganv,गॉंव,व
pendulam,पेंडुलम,ुदुलम
aavishakaar,आविष्कार,शियाकार
natijeh,नतीजेः,जिहेह
jeffersonville,जेफरसनविल,फर्सनिलिले
brahmasiddhi,ब्रह्मसिद्धि,माहमसिद्धि
tulshidas,तुलसीदास,तुषिदास
reeta,रीता,टा
charchaamanch,चर्चामंच,चाचमंच
pratikaaraa,प्रतिकारा,किकारा
tarkwaad,तर्कवाद,व्कवाड
dabangon,दबंगों,दंगों
hichkicha,हिचकिचा,हिकिचा
sheershakon,शीर्षकों,रशकों
dam,डम,द
dviarthee,द्विअर्थी,र्थी
jawabah,जवाबः,बाबाह
bahumaan,बहुमान,मुान
jaanchkarata,जांचकर्ता,जाककराता
vandemaataram,वन्देमातरम्,वंडमातरम
should,शुड,डड
agsta,अगस्ता,ट्सा
neu,एनईयू,यू
dastakhatshuda,दस्तखतशुदा,दाकाख्षुदा
surinama,सूरीनाम,रिनामा
kingkhan,किंगखान,खान
taras,तरस,स
rekannecting,रिकनेक्टिंग,केन्नेक्टिंग
phaibrik,फाइब्रिक,बिर्रिक
clair,क्लेयर,यर
chhejat,छीजत,जाट
mominatolaa,मोमिनटोला,निनाटोला
virodh,विरोध,दोध
arena,अरेना,नेना
unionwaadi,यूनियनवादी,उन्वंवाडी
bamleshvaree,बम्लेश्वरी,लेश्वरी
boca,बोका,ए
immaturity,इम्मैच्योरिटी,तमुरिती
sansthaan,संसथान,थ्थान
jin,जीन,ज़
dadrewa,ददरेवा,द्रेवा
kide,कीड़े,डे
karawanou,करावणौ,ानाउनो
putin,पुतिन,निन
tankaar,टंकार,ालर
khatakati,खटकती,काकटी
jadd,जड़,ड
pushpa,पुष्प,प्पा
gm,जीएम,टी
yusugi,युसूगी,सुगी
korola,कोरोला,ला
pyade,प्यादे,दादे
karavaayegee,करवायेगी,आयाएगेयी
balaatkaariyon,बलात्कारियों,तालकारियों
jatatee,जताती,टी
gurdaspur,गुरदासपुर,गुरदासपुर
shreshthaswaroop,श्रेष्ठस्वरूप,श्ष्षस्वरूप
shubhprabhaa,शुभप्रभा,र्भाहा
europlast,यूरोप्लास्ट,पोप्लास्ट
rashtrabhakton,राष्ट्रभक्तों,त्त्रभक्तों
canterbari,कैंटरबरी,केरबारी
communicators,कम्युनिकेटर्स,म्यूनिकेटर्स
mahamanch,महामंच,मांच
conway,कॉन्वे,यावे
dwf,डीडब्ल्यूएफ,पेफ
reeves,रीव्स,सेव्स
dabhoi,डभोई,ओआई
bhootal,भूतल,लाल
insaano,इंसानो,असानो
emily,एमिल,लियाली
vigyaanam,विज्ञानम,व्यानम
sapatey,सपाटे,तेये
atwaal,अटवाल,अाल
hindan,हिंडन,हिंडन
aaufisaree,ऑफिसरी,इज़ारी
montclair,मोंटक्लेयर,टकलायर
purnsveekrit,पुर्नस्वीकृत,स्नवीकृत
richardson,रिचर्डसन,राष्डसन
sandrbh,संदर्भ,भर्भ
fargo,फार्गो,ओ
aleem,अलीम,म
saptakranti,सप्तक्रांति,क्टाक्रांति
hr,एचआर,ह्र
imaandaari,इमानदारी,मिंडारी
kontrekting,कॉन्ट्रेक्टिंग,क्र्रेक्टिंग
gangajal,गंगाजल,जाजल
gaur,गौर,गर
adhikariyon,अधिकरियों,किकारियों
bandhan,बंधान,न्न
sendha,सेंधा,भा
dablyoopidi,डब्ल्यूपीडी,डल्लायूपिडि
gravita,ग्रविटा,विता
lincoln,लिंगकन,लोन
pravrittivigyanon,प्रवृत्तिविज्ञानों,रित्तिविज्ञानोनोन
cementation,सीमेंटेशन,नेटेशन
bagad,बगड़,द
gentry,जेन्ट्री,रियरी
datson,डैटसन,सोन
montebello,मोंटेबेल्लो,बेबेलोलो
renewables,रिन्यूएबल्स,वेवेबल्स
naksalwad,नक्सलवाद,सालाव्वाड
aitraz,ऐतराज़,र्ताज
itibhagwatee,इतिभगवती,बिभागवाती
niveshkarta,निवेशकर्ता,नेशकर्ता
patkathayen,पटकथाएं,चकथेन
kaabiletaarif,काबिलेतारीफ,इलेटारिफ़
bhaadas,भादस,अस्स
bhogte,भोगते,टे
holding,होल्डिंग,होलडिंग
dhatta,धत्ता,ट्टा
dhoron,धोरों,नों
upakhyanon,उपाख्यानों,ख़्य्यानों
fayetteville,फयेत्तेविल्ले,टेविलिएल
stockton,स्टॉकटन,कटटन
brijesh,ब्रजेश,जेश
pratigya,प्रतिज्ञा,जिज्ञा
badhaati,बढ़ाती,आति
then,थेन,टीएन
thomas,थॉमस,टाम
dhyeywadi,ध्येयवादी,येववाडी
tuesday,ट्यूजडे,स्डेयाई
wgpl,डब्ल्यूजीपीएल,ली
ovum,ओवम,म्यूम
gati,गति,सी
nucleus,न्यूक्लियस,ल्यूज
kraar,क़रार,र
purooshottamaachary,पुरूषोत्तमाचार्य,शुषोट्टामाच्यारी
manchanda,मनचंदा,ंदा
lahsun,लहसुन,लाउन
naqaab,नक़ाब,ाब
suja,सूजा,जा
mckenzie,मैकेंज़ी,केंजी
purzon,पुर्जों,ज़ों
bahunt,बहुंत,बुंट
bravo,ब्रावो,ओ
amaanat,अमानत,अमानत
jhuthla,झुठला,ला
bush,बुश,श
chaukhate,चौखटे,टेटे
apar,अपर,अर
asthetic,एस्थेटिक,टेटिटिक
kshetradwara,क्षेत्रद्वारा,तेत्रद्वारा
sajja,सज्जा,जा
dhahaane,ढहाने,नाने
nariyalyukt,नारियलयुक्त,नियालयुक्त
jealous,जूलूस,सुज
kursiyo,कुर्सियॉ,यियोयो
singhaadey,सिंघाड़े,हघादेय
amy,एमी,आई
antarmukh,अंतर्मुख,राम्क
thakkar,ठक्कर,टकर
badbolepan,बड़बोलेपन,ब्बोलोपेन
naxaliyon,नक्सलियों,लकलियों
manner,मैनर,रर
himali,हिमाली,हालाइ
naksalavaad,नक्सलवाद,सालावाद
half,हॉफ,फ
mahaadharmaadhyaksha,महाधर्माध्यक्ष,ाधार्माद्यक्षा
parmoujood,परमौजूद,उजूद
tippanikar,टिप्पणीकार,प्पानिकर
perels,पेरेल्स,ल्स
bhapaee,भपाई,एजी
beetaane,बीताने,ााने
valve,वाल्व,
dwirookta,द्विरुक्त,द्विरूक्त
eddie,एड्डी,जी
jivaniyaan,जीवनियां,ज़ियान
panghal,पंघाल,लाल
khand,खंडा,ड
urvarkon,उर्वरकों,रवरों
besin,बेसिन,निन
giriwasiyon,गिरिवासियों,रिवासियों
paradhin,पराधीन,धिन
pukhtaa,पुख़्ता,ाटा
achnera,अछनेरा,रेरा
carson,कार्सन,नों
delta,डेल्टा,ट्टा
tripura,त्रिपुरा,त्रिपुरा
alaymani,अलयमनी,अयमिनी
kheda,खेड़ा,अा
nahargarh,नाहरगढ,रागढ़
shalimar,शालीमार,मियर
immaichyority,इम्मैच्योरिटी,मिच्योरिटी
elendt,एलएंडटी,नेल्ट्स
properphasebuk,प्रॉपरफेसबुक,पोरेफरेजबुक
udanon,उड़ानों,उदनों
mhajan,महाजन,मजन
moses,मोसेस,स्स
bataayaaki,बतायाकि,आयायकी
alai,अली,ईए
ilectromeetar,इलेक्ट्रोमीटर,केक्ट्रोमीटर
amod,आमोद,दोद
rookenge,रूकेंगे,केंगे
maariya,मारिया,यिया
raagon,रागों,नों
aaipief,आइपीएफ,फिएफ
phalitartha,फलितार्थ,तारथा
supachy,सुपाच्य,चाच्य
awashist,अवशिष्ट,शिस्त
ishat,ईष्ट,टिट
rate,रेट,ए
aata,आटा,ए
mahalon,महलों,लों
warishthon,वरिष्ठों,शिष्ठों
jalapot,जलपोत,अपोट
katrina,कैटरीना,रिना
jismafaroshee,जिस्मफरोशी,अमाफरोशी
salary,सैलरी,लरी
raza,रज़ा,ा
rectare,रैकेटियर,क्टेरे
basil,बेसिल,ल
badhaataa,बढ़ाता,ताता
charanbaddha,चरणबद्घ,बंबद्धा
bhadkaya,भड़काया,ककाया
sahityotsav,साहित्योत्सव,त्योत्सव
naraseepura,नरसीपुरा,सीपुरा
samjhunga,समझूंगा,झुंगा
chandrapur,चंद्रपुर,चंद्रपुर
sarkaa,सरका,ाा
dhaah,ढाह,
praudh,प्रौढ,ध्ध
ahitakaaree,अहितकारी,चकारी
darawani,डरावनी,दावानी
belinda,बेलिंडा,निंडा
alayamanee,अलयमनी,अयामानी
datsun,डैटसन,दासुन
ate,अते,
fasteners,फास्नर्स,सेनर्स
bangravala,बंगरावाला,व्रवला
saira,सायरा,ा
atthas,अट्टहास,ठ्टास
nirdal,निर्दल,द्राल
mahbubnagar,महबूबनगर,ब्बुबनगर
daratey,डराते,देय
valkkan,वल्कन,क्कन
khastaur,ख़ासतौर,त्यूर
barsaai,बरसाई,आई
ananddaayak,आनंददायक,नंद्दायका
banbi,बांबी,बी
toh,तो,टि
asmanye,असमान्य,माण्ये
wipannta,विपन्नता,नपंता
spast,स्पस्ट,टी
amzera,अमझेरा,जरा
bechakar,बेचकर,चाकर
ghatabadh,घटबढ़,बाबाध
kaushalta,कौशलता,शालता
machine,मशीन,ने
wireless,वायरलेस,लेलेस
fainn,फैंन,न्न
gaano,गानो,ओन
khambhat,खंभात,भाट
kyooaaeepeees,क्यूआईपीएस,उयाएपीज़
dublin,डबलिन,लिन
mta,एमटीए,अमा
samruddhiyon,समृद्धियों,दुर्धियों
radhakrushnadas,राधाकृष्णदास,चादकुशनादास
kaansting,कांस्टिंग,संटिंग
idukki,इड्डुक्कि,इडकि
industrial,इंडस्ट्रियल,सुस्ट्रियल
bharatwanshee,भारतवंशी,ाव्वांशी
maangi,मांगी,गि
robins,रॉबिंस,िनिस
vladimir,व्लादिमीर,दिलिमिर
pehowa,पेहोवा,ओवा
bagh,बाग,
ummidwaaree,उम्मीदवारी,मिद्वारी
saafgoi,साफगोई,गोफी
koottaa,कूत्ता,आटा
adain,एडेन,न्न
grenite,ग्रेनाइट,नेनेटे
ustara,उस्तरा,अरारा
dhundhta,ढूंढता,ढुंटा
sangheeyataa,संघीयता,जियता
kumari,कुमारी,राई
depthiriya,डिप्थीरिया,डिथ्टिरिया
adchane,अड़चने,चने
koriyaah,कोरियाः,यियाह
prapat,प्रपात,पत
chhudawaaya,छुड़वाया,दुदावा
suiyan,सूइयां,यियान
veronika,वेरोनिका,वरोनिका
schaeffler,स्कैफलर,फफ्लर
jyaadaa,ज़यादा,ादाड़ा
potter,पॉटर,टर
media,मीडिया,यिया
yarushalem,यरूशलेम,शालेम
pichde,पिछड़े,द्दे
letaseng,लेटसेंग,सेसेंग
arthavyawasthataaon,अर्थव्यवस्थताओं,वाव्यवास्थाताओं
kakoo,काकू,उ
nirdeshika,निर्देशिका,निद्देशिका
seto,सेटो,ओ
navate,नवाते,टे
samvedansheelata,संवेदन्शीलता,व्वेदनशीलता
roadrej,रोडरेज,द्रेज
chhahon,छहों,न
laphj,लफ्ज,ज
vanshvad,वंशवाद,वंड़
rohtak,रोहतक,त्तक
atakta,अटकता,ककता
baawaraa,बावरा,ारा
kribarabh,कृबरभ,बराबह
prakashakah,प्रकाशकः,शाशकः
styrolution,स्टायरोल्यूशन,रिलोल्यूशन
apaardarshi,अपारदर्शी,अरदर्शी
bengaluru,बेंगलुरु,बेंगलूरु
andhapan,अंधापन,अधापन
mainan,मैनन,मन
kyaah,क्याः,हाह
formulae,फार्मूले,युलुएले
hamalavar,हमलावर,हलवर
amavasya,अमावस्या,मावास्य
purvapekshaaon,पूर्वापेक्षाओं,पवपेक्षाओं
daishawaalaa,डैशवाला,वाशाला
oklahoma,ओकलाहोमा,ल्लाहोमा
darmait,डारमैट,दामत
sahakalakar,सहकलाकार,कलाकर
fatma,फातमा,मा
khalati,खलती,टि
dayitva,दायित्व,विवा
kyusaiks,क्यूसैक्स,युसाइक्स
tolakarmee,टोलकर्मी,कारार्मी
version,वर्शन,एन
parisamvad,परिसंवाद,समवाद
immune,इम्युन,मुने
bachti,बचती,टि
utilities,यूटिलिटीज,लिलिटिज़
malmaas,मलमास,मास
cadmium,कैडमियम,मियम
antioch,एन्टीओक,शियोच
khatedaar,खातेदार,देदार
mohini,मोहिनी,मोहिनी
vishwasniiyataa,विश्वसनीयता,व्सासनीयिता
rehman,रहमान,मन
kanblon,कंबलों,ल्लोन
aaryika,आर्यिका,यिका
marrej,मैरेज,जेज
chheenk,छींक,कंक
phalata,फलता,टाटा
baagoraa,बागोरा,ोरा
pakaude,पकौड़े,औदे
lucie,लूसी,जी
fatehgadh,फतेहगढ़,फतेहगढ़
grahanakaal,ग्रहणकाल,नानकाल
jobs,जॉब्स,स्स
sadanand,सदानंद,नानंद
dutt,दत्त,ट
murgeepalan,मुर्गीपालन,जीपलाल
lurhakate,लुढ़कते,ल्हकते
palmonari,पल्मोनरी,मोनारी
win,डब्ल्यूआईएन,
ubhaara,उभारा,ारा
beck,बेक,के
padaraunaa,पडरौना,रौना
bandhate,बांधते,ाथेट
kapoor,कपूर,उर
sevaala,सेवाला,अला
vershan,वर्शन,न्न
chidhate,चिढ़ते,ते
thane,थाणे,ए
nikalogi,निकलेगी,लालोगी
mogali,मोगली,लाली
dredger,ड्रेजर,डेडर
nagarik,नागारिक,नागरिक
gajipur,गाजीपुर,गिपुर
vadak,वादक,वाक
mitchell,मिचेल,ल
gyatvy,ज्ञातव्य,ट्व्यी
standhaari,स्तनधारी,न्धारी
dhoraaji,धोराजी,दाजी
abdunnaasir,अब्दुन्नासिर,द्दुन्नासिर
vishvwandhya,विश्ववंद्या,व्वंध्या
satyaarthprakash,सत्यार्थप्रकाश,आयार्थप्रकाश
shivamogga,शिवमोगा,मामगा
ghumakkdi,घुमक्कड़ी,गाक्कडी
gayen,गाएं,एन
chee,ची,
theateron,थिएटरों,टेरोन
anadhikaarik,अनाधिकारिक,अधिकारिक
shasak,शासक,कक
hines,हाइंस,स
bettiah,बेतिया,आईएश
dhatna,धटना,न्ना
rahamat,रहमत,मामत
motihari,मोतिहारी,हिहारी
pearson,पियरसन,नों
ujback,उज़्बेक,ब्यबैक
wheeling,व्हीलिंग,लीलिंग
pythogaras,पाइथागोरस,हिथोगार्स
wipro,विप्रो,ओरो
kaabiletaareef,काबिलेतारीफ,लिएटारीफ
jamaate,जमाती,ाते
pulam,पुलम,म
daubaaraa,दौबारा,ारारा
portillo,पोर्टिलो,लिलो
adhik,अधीक,िक
dhumrapaan,धुम्रपान,दुरापां
daampatya,दांपत्य,दंपत्य
jamudiya,जामुड़िया,जुडिया
pedoo,पेडू,उन
pipra,पिपरा,्रा
blair,ब्लेयर,यार
communications,कम्यूनिकेशन्स,म्यूनिकेशन्स
alayans,अलायंस,अयांस
aradas,अरदास,दास
gudna,गुदना,नना
just,जस्ट,टी
aawajon,आवाज़ों,जाज़ों
benvar,बेंवर,अर
amarillo,अमारिलो,लिल्लो
bramhaand,ब्रह्माण्ड़,ह्माण्ड
dikhai,दिखार्इ,औखाई
tantro,तंत्रों,ओरो
aasan,आसान,न
tuglakabad,तुगलकाबाद,तुलकाबाद
sutton,सट्टन,नों
kandrour,कंदरौर,द्रुर
khanna,खन्ना,ा
nikalani,निकालनी,नालानी
dibanoo,डिबनू,बानू
immachyoritee,इम्मैच्योरिटी,म्माच्योरीते
tolaasan,तोलासन,टालन
jaanaakaree,जानाकरी,ालरी
liwaal,लिवाल,लाल
engeline,एंजेलिन,लेनेन
rushitaa,ऋषिता,तिआा
flint,फ्लिंट,लिंट
vrishchikahsaptah,वृश्चिकःसप्ताह,च्षिकाहस्तह
aasmatee,आसमती,मती
girkar,गिरकर,रार
vaigyaanik,वैज्ञानिक,वैज्ञानिक
bishadhee,बिशड़ी,ही
phoolatee,फूलती,टी
punahsthapana,पुनःस्थापना,हानस्थापना
badh,बाध,
gandha,गंध,ा
chakshu,चक्षु,चशु
miktaam,मिकटॉम,ामा
liidaron,लीडरों,दिदारों
zabardast,ज़बर्दस्त,ज़ारदास्त
stuti,स्तुति,ट्यू
aurato,औरतो,टो
heblikar,हेब्लिकर,हेबलिकर
rattebaajee,रट्टेबाजी,ब्तेबाजी
francisca,फ्रांसिस्का,फ्रेंसिसा
mumba,बंबा,अमा
pratiyukti,प्रतियुक्ति,तियुक्ति
darati,डराती,डाइ
pranon,प्राणों,नोन
madison,मेडिसन,सों
nibhaaegee,निभाएगी,ाआगी
myers,मयर्स,ज्स
kashyap,कश्यप,याप
brigadier,ब्रिगेडियर,जादीयर
ambikaaon,अम्बिकाओं,िकावां
hogaah,होगाः,हाँ
ishaak,इशाक,काक
sumi,सुमि,मी
deshbhaktimaya,देशभक्तिमय,भेषभक्तिमया
dharmapatriyaan,धर्मपत्रियां,द्मपत्रियां
krishnanagar,कृष्णानगर,शिन्नागर
ea,ईए,ए
aayudhnirmaanee,आयुधनिर्माणी,अयुंनिर्मानीनी
taaja,ताजा,जा
ajasra,अजस्र,श्र
fijulkharchi,फिजूलखर्ची,जिजुलखरची
mantrayon,मंत्रयों,र्तयों
tanta,तांता,टा
dealership,डीलरशिप,रेफ्राइप
chapel,चैपल,ल
dhwanimikon,ध्वनिमिकों,न्वनिमिकों
education,एजुकेशन,सकेशन
jarakh,जरख,खाख
neet,नीट,टी
jilawaasiyon,जिलावासियों,जलावासियों
samprabhuta,संप्रभुता,्प्रभूता
kasegaa,कसेगा,गेगा
pakanevala,पकानेवाला,नेवलाला
deepn,दीपन,न्न
kalasaanaa,कलसाना,सासाना
mugaalataa,मुगालता,अालाता
tokne,टोकने,नेन
falibhoot,फलीभूत,हिभूत
gyonth,ग्योंठ,थंट
dikhaai,दिखार्इ,आखाई
shaamjeebhaaee,शामजीभाई,जिभाई
pahnaakar,पहनाकर,ाानार
kisaani,किसानी,आसिनी
udhaaradaataaon,उधारदाताओं,अधारादाओं
ramtek,रामटेक,केटेक
wyaakhyaatmaktaa,व्याख्यात्मकता,खाय्यात्मकता
somvaar,साेमवार,वार
vista,विस्टा,ट्सा
polimer,पॉलिमर,मियर
raktaabh,रक्ताभ,ाखभ
bhugta,भुगता,गटा
bhrashtachareeyon,भ्रष्टाचारीयों,शताचारीयों
khatakti,खटकती,काक्ति
mukhyamantriyon,मुख्यमन्त्रियों,मायांत्रियों
mad,मैड,
kakshaang,कक्षांग,शाकांग
jain,जैन,ज़
mahin,महीन,न
survana,सुर्वणा,अवाना
baangarotiya,बांगरोटिया,गारातिया
rasaayanik,रसायनिक,रसायनिक
aurora,औरोरा,रा
chamchagiree,चमचागिरी,चागिरी
ncrwc,एनसीआरडब्ल्यूसी,वीआरसीटी
ainthey,ऐंठे,थेय
essel,एस्सेल,ल
deshsewa,देशसेवा,शेवेवा
ilectrotecs,इलेक्ट्रोटेक्स,सिक्ट्रोटेक्स
workcharge,वर्कचार्ज,चार्से
kaarwaai,कार्वाई,वाई
jhanktaa,झांकता,ट्टा
urgent,अर्जेंट,ज़ेंट
sapraman,सप्रमाण,मान
maurya,मौर्यों,ाया
jini,जिनी,जी
jagadeeshachandra,जगदीशचंद्र,देदीशाकंद्र
asurakshit,असुरक्षित,उरक्षित
kaavyoktiyaan,काव्योक्तियां,यावोक्तियाँ
alnkaar,अलंकार,कंकार
svadpremiyon,स्वादप्रेमियों,प्वड़प्रेमियों
jaatak,जातक,जाक
rollers,रोलर्स,लर्स
ashaktataa,अशक्तता,कतता
kaathiyavadee,काठियावड़ी,यियावदी
aavriti,आवृत्ति,रिटी
vidyaayein,विद्याएं,यायायें
vidhivat,विधिवत,विवत
raadhe,राधे,ए
mukhyamantrisamvaaddaata,मुख्यमंत्रीसंवाददाता,मामंत्रिसंवादाता
praansangalee,प्राणसंगली,नसंगली
kanalog,कनलोग,लालोग
pudukkottai,पुदुकोट्टई,कुक्कोट्टाई
nicky,निकी,की
fuhadtaa,फूहड़ता,दड़ता
patachep,पटाक्षेप,चाचेप
retreate,रीट्वीट,र्येअटे
manovaigyaaniyon,मनोवैज्ञानियों,अवैज्ञानियों
stanadhari,स्तनधारी,अंधारी
mukhyopadhyaay,मुखोपाध्याय,ओपोपध्याय
nirbaadh,निर्बाध,अबाध
todne,तोडऩे,नने
avuti,आवृत्ति,टुटी
parikshankartaon,परीक्षणकर्ताओं,क्षिक्णार्ताओं
extactor,एक्सटेक्टर,सेट्टेक्टोर
nashik,नाशिक,निक
rasayanon,रसायनों,यायनों
vaitravati,वैत्रवती,व्रवती
ogrenaaij,ऑग्रेनाइज,रेनाइज
chausingha,चौसिंगा,सिंहा
phalodi,फलोदी,डोडी
skhalan,स्खलन,लान
panaamaa,पनामा,मा
nigar,निगर,गर
monte,मोंटे,जे
suneeti,सुनीति,निटी
shrabon,शराबों,ओनों
ambikaon,अम्बिकाओं,िकिओं
gujara,गुजारा,रारा
photofrem,फोटोफ्रेम,फोफ्रेम
prahlaad,प्रहलाद,लालद
beesavaan,बीसवां,अवान
dvivedi,द्विवेदी,विवेडी
denewaali,देनेवाली,डेनवाली
burleson,बर्ल्सन,लेसोन
bharadwaj,भारद्वाज,दादवाज
jataati,जताती,आति
malegaon,मालेगांव,गेगांव
rahugaan,रहुगाँ,रहगां
mahamantra,महामंत्र,मंत्र
beast,बीस्ट,ट्ट
divyata,दिव्यता,द्याता
sanjivan,संजीवन,विवण
kuposhit,कुपोषित,सुषित
eksclation,एक्सक्लेशन,लक्लेशन
chadhega,चढ़ेगा,गेगा
texarkana,टेक्सरकाना,क्सारकाना
dungerpur,डूंगरपुर,डंगरपुर
sarahi,सराही,हाई
laalaparee,लालपरी,लापरी
aeronautics,एरोनॉटिक्स,नोराउटिक्स
worth,वर्थ,थ
aasteen,आस्तीन,इन्स
svapnika,स्वप्निका,व्वापनिका
upakaaryaalayon,उपकार्यालयों,कुकार्यालयों
mimicry,मिमिक्री,क्राई
ballabh,बल्लभ,अभाभ
veriphication,वैरीफ़िकेशन,फिइसेशन
hackensack,हैकेंसैक,हैकनसक
aakaash,आकाश,ाश
bona,बोना,ओ
clock,क्लाक,क्लॉक
daphan,द़फन,न्न
pegav,पेगव,वाव
kahlaya,कहलाया,लाया
madheekhedha,माड़ीखेड़ा,खिधा
teleebag,तेलीबाग,लीबग
dhaarak,धारक,दाक
nikaalani,निकालनी,नालानी
kanghe,कंघे,ए
prashnottari,प्रश्नोत्तरी,शार्णोत्तरी
kakinada,काकीनाड़ा,किनादा
bhaagyoday,भाग्योदय,ज्ञोदय
singer,सिंगार,रर
machaye,मचाए,ये
lekhakganon,लेखकगणों,खकगणों
uchhalne,उछालने,लने
dharmarajne,धर्मराजने,दरराजने
ainjal,ऐंजल,लाल
bantata,बंटता,बाटा
pharm,फाॅर्म,म
ravel,रवैल,ल
hanumangarh,हनुमानगढ़,हुमंगढ़
veeraangnaaon,वीरांगनाओं,विरांगनाओं
gaytri,गायत्री,ग्रिरी
venkatraman,वेंकटरमन,वकात्रमण
dibnoo,डिबनू,ननू
purooshottamachaary,पुरूषोत्तमाचार्य,शुषोट्टामाच्यारी
sanyojakon,संयोजकों,ज्योजकों
jhaauganj,झाउगंज,जौगंज
sarkaren,सरकारें,रालेन
newtest,न्यूटेस्ट,टेस्ट
shrikar,श्रीकर,रार
mitaao,मिटाओ,ओं
diyotsiddh,दियोटसिद्ध,दियोत्सिद्ध
bhoopsingh,भूपसिंह,पुसिंह
charchaaen,चर्चाएँ,आचाएं
prasarakon,प्रसारकों,रासाकों
nishpaap,निष्पाप,पपाप
flin,फ्लिन,निन
ranneetibanaa,रणनीतिबना,नीतिबना
eeaarjee,ईआरजी,रजी
dhaagaa,धागा,गा
gomukh,गौमुख,खुख
jud,जूड,द
khanikarmi,खनिकर्म,किकरमी
sharabh,शरभ,भाह
arellano,अरेलानो,लेलानो
ukhadhakar,उखड़कर,धाधार
lenevali,लेनेवाली,नेवाली
kumar,कुमार,र
singhde,सिंघाड़े,ढडे
toncil,टोंसिल,सिंल
davindarpal,दविन्दरपाल,दंदरपाल
singaar,सिंगार,ागर
khisakate,खिसकते,काकेटे
enid,एनिड,डिड
megapixal,मेगापिक्सल,पापिक्सल
digvijay,दिग्विजय,व्विजय
fazalon,फजलों,लालोन
doge,दोगे,ज
labelon,लेबलों,लेलोन
munafa,मुनाफा,फा
badhane,बड़ने,ने
very,वैरी,री
saatsera,सातसेरा,स्सेरा
ortega,ओर्टेगा,गेगा
rowe,रोवे,ज
bhatia,भाटिया,या
raajsthanwasiyon,राजस्थानवासियों,सस्थांवासियों
baagbageechon,बागबगीचों,ब्गेगों
wilkinson,विल्किंसन,इंसोन
daraati,डराती,दाती
atke,अटके,के
pramukhataapoorwak,प्रमुखतापूर्वक,ुमुखतापूर्वक
yatna,यत्न,ाना
nitin,नितिन,निन
city,सिटी,आई
radico,रेडिको,इको
dukanon,दुकानों,दुनोन
jalsansadhan,जलसंसाधन,जसनसाधन
masyendranath,मत्स्येंद्रनाथ,एन्द्रनाथ
behar,बिहार,र
barsheey,बर्षीय,जियों
avru,अवरु,यारू
daw,दाव,द
naqab,नक़ाब,बाब
saregama,सारेगामा,गेगामा
hugli,हुगली,हुलि
satti,सत्ती,इटी
neg,नेग,ज
mahabaleshwar,महाबलेश्वर,अबलेश्वर
placentia,प्लेसेंटिया,सेंटिया
varsaache,वर्साचे,चाचे
kumau,कुमाऊ,मौ
emi,एमी,मी
theatrs,थियेटर्स,ट्र्स
erika,एरिका,आका
khinchakar,खिंचकर,चाकर
raubadar,रौबदार,बुदादार
alto,ऑल्टो,ओ
kavyavidhaaon,काव्यविधाओं,याविधाओं
coon,कून,न
akron,अक्रोन,नों
tahkhaana,तहखाना,ठाखाना
samajjanon,समाजजनों,जाज्जनों
machaaye,मचाए,याए
suryadev,सूर्यदेव,दादेव
prathamik,प्राथमिक,अरामिक
pravritriyon,प्रवृत्रियों,रित्रियों
taajaa,ताजा,आया
jivanshaili,जीवनशैली,नाशंशीली
raktdaataaon,रक्तदाताओं,द्तदाताओं
baleshwar,बालेश्वर,शेश्वर
bhautikwaadiyon,भौतिकवादियों,तिकवादियों
lagaateen,लगातीं,गातीन
jhaiyaan,झाइयां,जियां
vanshvaad,वंशवाद,वाद
navanagar,नवानगर,नागर
najarandaaz,नजरंदाज,राणदाज
anshaankan,अंशांकन,अंकंन
funkane,फुंकने,नके
matpatron,मतपत्रों,पट्रोन
module,मॉड्यूल,लुले
farms,फार्म्स,म्स
pahunchogee,पहुंचोगी,ंचोगी
maidi,मैडी,दी
thief,थीफ,फ
pfaudler,फाउडलर,डाडलर
amit,अमित,टि
poorvabhadrapad,पूर्वाभाद्रपद,भाबद्रपद
landara,लंगड़ा,रारा
gonpo,गोंपो,ओपो
vesle,वेस्ले,ल्से
shaao,शाओ,ओ
hamidan,हामिदन,हिदान
weeks,वीक्स,क्स
mineral,मिनरल,रेल
centennial,सेंटेंनियल,नेन्नियल
bastiyo,बस्तियो,यियो
bagbagichon,बागबगीचों,बंगिचों
pranit,प्रनीत,नित
bhedabhaavon,भेदभावों,भाधाभावों
karaahanaa,कराहना,हाहाना
greenville,ग्रीनविल,निविले
sherawat,सहरावत,वात
ralaud,रालोद,ौद
jatakon,जातकों,जकों
rishte,रिश्ते,ट्रे
bentonville,बेंटनविल,नविलेल
najibabaad,नजीबाबाद,बिबाबाद
financiers,फाइनेंसर्स,नेंसर्स
phatahee,फटही,जी
kerala,केरला,लाला
ladaaiyon,लड़ाईयों,लाइयों
harijan,हरिजन,हिजान
whitaker,वाईटेकर,काकर
vidisha,विदिशा,शिषा
paul,पॉल,ल
aryon,आर्यों,ओं
khilana,खिलाना,अनाना
chhutane,छूटने,नेन
dukhiyon,दुखियों,युकों
poorneshwari,पूर्णेश्वरी,न्रेश्वरी
visabal,विसबल,अबल
daramyanee,दरम्यानी,दाम्यनी
yari,यारी,री
vidhamaan,विधमान,मामान
yatraein,यात्राएं,एलिन
sunteck,सनटेक,कंटक
gujarata,गुजारता,गराता
niyanta,नियंता,नांता
dum,डम,म
awasthi,अवस्थी,साथि
plus,पल्स,स्स
bhen,भें,
stops,स्टॉप्स,सोप
dhakelte,धकेलते,लेट्टे
kpo,केपीओ,ओ
damghontu,दमघोंटू,दघोंटु
insano,इंसानो,नसानो
merraige,मैरेज,ज़ारेज
asfalt,एस्फाल्ट,अफल्ट
laundry,लॉन्ड्री,ड्री
ratnaabhooshan,रत्नाभूषण,अनभूषण
ski,स्की,आइ
dushwaariyon,दुश्वारियों,दुरारियों
anupryogon,अनुप्रयोगों,उप्र्योगों
deshseva,देशसेवा,शेवा
lela,लेलऽ,अला
jagaragallu,जगारागल्लू,जारागल्लू
mejbani,मेजबानी,बाबानी
dehri,डेहरी,हरी
chkkar,चक्कर,रार
crawford,क्रोफोर्ड,फाफर्ड
guduri,गुदुरी,गुरी
dvc,डीवीसी,सीसी
prakriyagat,प्रक्रियागत,काक्रियागत
nag,नग,ज
matsyavatar,मत्स्यावतार,स्सयावतर
scootaron,स्कूटरों,टूटारों
ardhavishvas,अर्धविश्वास,ध्दविष्वस
daramyaanee,दरम्यानी,दाम्यानी
survanaa,सुर्वणा,अनाना
sthitiyan,स्थितियां,तितियां
dharmaanand,धर्मानंद,द्मानन्द
sofner,सॉफ़्नर,नर
squash,स्क्वैश,अक्श
vidhansabhaen,विधानसभाएं,नांसभाएं
randolph,रैंडोल्फ,लाडोल्फ
mezbaan,मेज़बान,ब्बान
sprit,स्प्रिट,ट्रिट
sheelabhang,शीलभंग,अभाभंग
kalmein,कलमें,मेन
swarnikaa,स्वर्णिका,न्रिका
mandi,मंडी,ईईईईईईईईई
arthawyavasthataaon,अर्थव्यवस्थताओं,व्तव्यवस्थाताओं
kundaliya,कुंडलियाँ,लंडिया
nimkathana,नीमकाथाना,निकथाना
farm,फाॅर्म,म
hatyaaropit,हत्यारोपित,हत्यारोपित
putta,पुट्टा,टा
faurensis,फारेंसिस,रेनसिस
purooshottamachary,पुरूषोत्तमाचार्य,शुषोट्टामाचार्य
bonds,बॉंन्ड्स,डास
shikaayatkartaa,शिकायतकर्ता,ायातकर्ता
cronfrencing,क्रान्फ्रेंसिंग,कोनफ्रेंसिंग
ubal,उबाल,लाल
baabaao,बाबाओ,अाओ
halmatpura,हलमतपुरा,हलमपुरा
haqeeqat,हकीकत,हकियाट
barman,बर्मन,मन
vartmaan,वर्तमान,म्मान
baantin,बांटीं,निन
achanbha,अचंभा,भाना
jiwanparyant,जीवनपर्यंत,जीवनपर्यंत
wadara,वदरा,ारा
sadaqen,सडक़ें,कावेन
aisa,एेसा,ए
jyotishyshastron,ज्योतिष्यशास्त्रों,जोटिश्यास्त्रों
pythagoras,पाइथागोरस,हाइगोरास
engelin,एंजेलिन,लेनिन
kapolkalpana,कपोलकल्पना,लोलकल्पनाना
dropadiyon,द्रोपदियों,दुपदियों
rozlyn,रोजलिन,लिलाइन
sriram,श्रीराम,मार
gopaalak,गोपालक,गालक
bangbandhu,बंगबंधु,बंबंधु
mistriyan,मिस्त्रियां,र्लियान
usay,उसेे,याय
mercado,मर्काडो,काडो
maisore,मैसोर,ओर
offshor,ऑफशोर,फ्शशोर
kapurthala,कपूरथला,ुर्थला
sahovaliya,साहोवालिया,वोवालिया
maladahiya,मलदहिया,दाधाहिया
hymen,हाइमन,हेन
indaurnagar,इंदौरनगर,अदुरनगर
visheshagyataon,विशेषज्ञताओं,शेषागाताओं
usaki,उसकी,कुसि
caplin,कैपलिन,लिन
mahapran,महाप्राण,प्राण
rupesh,रुपेश,शेश
reno,रिनो,ओन
sudeepton,सुदीप्तों,सिप्टन
swamy,स्वामी,आई
amara,अमारा,ारा
vyavasthaamoolak,व्यवस्थामूलक,व्यवस्थामूलक
sensing,सेंसिंग,सिंग
tyler,टाइलर,लर
sangareddi,संगारेड्डी,रागेड्डी
pehno,पहनो,ओन
mardani,मरदानी,मादानी
bamleshwaree,बम्लेश्वरी,लेशेरवीयरी
deewani,दिवानी,दीवानी
fincorp,फिनकॉर्प,कंगरप
navaa,नवा,अा
shimat,शिमट,टाम
sohawal,सोहावल,अवल
banaam,बनाम,माम
prawrutriyon,प्रवृत्रियों,रावृतियों
xiong,शियोंग,स्कोंग
varsted,वर्स्टेड,ट्टेड्ड
raajon,राजों,ओं
cheekhana,चीखना,खाना
naimul,नैमुल,मियल
badhotri,बढ़ोतरी,बोट्री
antony,एंटोनी,नानी
chhanyasa,छांयसा,ासासा
nirdeshikaa,निर्देशिका,द्रेशिका
niptaaraa,निपटारा,ातारा
judne,जुडने,जने
sujhati,सुझाती,झाटी
pathalogist,पैथेलॉजिस्ट,लागोशिस्ट
tide,टाइड,टे
shrungar,शृंगार,गंगर
braandes,ब्रान्डेस,नादंस
parmeshvarpur,परमेश्वरपुर,प्रेश्वरपुरपुर
jedateeisaaft,जेडटीईसाफ्ट,तेदतीसाफत
uddhaatan,उद्धाटन,उद्धतान
stan,स्टैन,निन
aadivaadiyon,आदिवादियों,विवादियों
julaahon,जुलाहों,हालों
maharaja,महाराजा,राजा
gatishilata,गतिशीलता,जिशिलता
shipra,शिप्रा,्रा
tribunal,ट्रिब्युनल,ब्रिबुनल
khyber,ख़ैबर,बेर
wanvibhag,वनविभाग,विभाघ
ghataatop,घटाटोप,घटातोप
dharmagranthon,धर्मग्रंथों,माग्रांथों
prawrittiyon,प्रवृत्तीयों,रित्तियों
gaanth,गांठ,थ
mysore,मैसोर,रोयर
sehgal,सहगल,गल
namkin,नमकीन,नकिन
vaidh,वैध्,ध
vanaspatiyaan,वनस्पतियाँ,वासपतियां
jiangkou,जियांगकोऊ,जिंगकौ
pakhandi,पाखंडी,नाडडी
protekts,प्रोटेक्ट्स,केटक्स
elbaino,एल्बाइनो,बलेनो
linden,लिंडेन,ड्डेन
sohaval,सोहावल,अवल
bhurbhura,भुरभुरा,भ्रूरा
gastrology,गैस्ट्रोलॉजी,र्टोलॉजी
widroop,विद्रूप,रिडूप
sajsajja,साजसज्जा,सज्जा
raatrichar,रात्रिचर,रिचार
rojana,रोजना,नाजा
jalbhrav,जलभराव,भ्रव
montgomery,मोंटगोमरी,ग्गोमेरी
sev,सेव,स
bhrastrachariyon,भ्रष्ट्राचारियों,त्त्त्राचारियों
dwn,डीडब्ल्यूएन,न
streshan,स्ट्रेशन,रेशन
ganthe,गांठे,ज
gehlot,गहलोत,लहोट
chhateni,छतेनी,एंवीई
vishwasniiya,विश्वसनीय,विसवनीयिया
jivaniyan,जीवनियां,जिनियां
dastaanen,दस्तानें,दातनें
dhona,धोना,ए
kharuwaar,खरुवार,उवार
suriname,सूरीनाम,रिनमे
mangalsinh,मंगलसिंह,लालसिंह
anyonyashritta,अन्योन्याश्रितता,यण्याश्रित्ता
ninties,नाइनटीज,इज़ेज
paancholaas,पांचोलास,चोलास
reson,रेसों,नों
vaataanukooliton,वातानुकूलितों,नानुकोलितों
chatushkoniya,चतुष्कोणीय,चुशकोनिया
aamdi,आमदी,डी
dushtaapurvak,दुष्टतापूर्वक,दुत्तापूर्वक
bechate,बेचते,चाते
chuka,चौका,का
mizoram,मिज़ोरम,ओजराम
torrance,टोरेंस,सीई
anuchit,अनुचित,उचित
avarodhak,अवरोधक,रारोधक
ross,रॉस,स
achyut,अच्युत,युट
oodhami,ऊधामी,माही
haraval,हरावल,हावल
gould,गोल्ड,ड
daaw,दाव,व
srijanvigyanee,सृजनविज्ञानी,जिंवविज्ञानी
nextgen,नेक्स्टजेन,नकटगेन
rukavaton,रूकावटों,कुकावों
bhavanaon,भावनाओं,नावाओं
dehdhaari,देहधारी,दहादीरी
parikhaen,परीक्षाएं,खाएं
utaney,उतने,नेनी
sanskrition,संस्कृतिओं,आकिशन
prospex,प्रॉस्पेक्स,सोर्पेक्स
naeedilli,नईदिल्ली,नईडिल्ली
saayn,सायं,न
geneva,जिनीवा,वेवा
rasad,रसद,द
baramula,बारामुला,मुला
vandemataram,वन्देमातरम्,वंडमाताराम
safari,सफारी,री
chamba,चम्बा,अमा
sawal,सवाल,ल
bannari,बन्नारी,रानी
fatehpur,फ़तेहपुर,फतेहपुर
pehnate,पहनता,नाटे
spray,स्प्रे,र्यू
normal,नॉर्मल,लाल
allout,ऑलआउट,उट
manassas,मनासस,सस्स
mantriyonke,मंत्रियोंके,म्रियोंके
karyakaryakartaon,कार्यकार्यकर्ताओं,कारायारकार्ताओं
phaadanhe,फाडऩे,हनेहे
greg,ग्रेग,गे
baitool,बैतूल,उल
kushan,कुषाण,अन
subbanee,सुब्बनी,नेयी
infibeam,इन्फिबीम,बियाम
khatakhataakar,खटखटाकर,खाखाटार
chachaji,चाचाजी,जाई
chandrabali,चंद्रबली,क्राबाली
baripada,बारिपदा,पिपड़ा
roohelkhand,रूहेलखंड,लेहखण्ड
ghairakaanoonee,ग़ैरकानूनी,काकानूनीनी
aarekhah,आरेखः,खेहा
pramukhkarmiyon,प्रमुखकर्मियों,ुमुख्कर्मियों
lee,ली,
thiyeters,थियेटर्स,टेर्स
assam,असम,माम
faanon,फानों,नों
jyada,ज़्यादा,दादा
theateron,थियेटरों,टेरोन
safaikarmi,सफाईकर्मी,आइकर्मी
bieseses,बीएसएसएस,सेस
cronfrensing,क्रान्फ्रेंसिंग,डॉन्फ्रेंसिंग
jeevraaj,जीवराज,राज
thirake,थिरके,के
shaksubahey,शकसुबहे,सुकुबहेय
paratrooper,पैराट्रूपर,राटूरेर
dabhara,डभरा,ारा
usi,उसी,सी
nihsandeh,निःसंदेह,संदेह
mahanatam,महानतम,मनातम
banthia,बांठिया,आई
anam,अनम,म
kashmir,कश्मीर,मिर
baavadee,बावडी,दादी
bhutto,भुट्टो,टो
maarake,मारके,के
kaaryayojna,कार्ययोजना,यायोजना
francisko,फ्रांसिस्को,सेंसिक्को
adani,अदाणी,अंनी
dhuriyaa,धुरिया,यिया
mhavidya,महाविद्या,मिविया
megapixel,मेगापिक्सल,पापिक्सेल
cryptocurrencyon,क्रिप्टोकरेंसियों,पिप्टोक्यूरिनों
muth,मूठ,
authoritee,ऑथोरिटी,रोइटिए
aparivartanshil,अपरिवर्तनशील,विरार्तांशील
pradhanmantriki,प्रधानमंत्रीकी,हाराणमंत्रिकी
aagaashe,आगाशे,शाषे
navjaagaran,नवजागरण,नजागरण
attraa,अट्टरा,आरा
ubala,उबाला,लाला
amanati,अमानती,नानि
khammam,खम्मम,मम
haaranaa,हारना,हराणा
bhavabhivyaktiyon,भावाभिव्यक्तियों,भभिव्यक्तियों
pushkar,पुष्कर,कर
shaantiyon,शांतियों,तियों
nerolac,नेरोलेक,लोलैक
chauka,चौका,का
siddhalingaa,सिद्दालिंगा,ढ्धालिंगा
bharatnatyam,भरतनाट्यम्,बात्नत्यम
javabah,जवाबः,अबह
dushwariyon,दुश्वारियों,दुरियों
manchiy,मंचीय,यिय
jiyo,जीयो,ओ
sapramaan,सप्रमाण,मामन
sim,सीम,टी
peeechdablyooseees,पीएचडब्ल्यूसीएस,चड्डबलाउसीज
bahav,बहाव,व
tik,टिक,टि
agavai,अगवाई,वावाई
higman,हाइमन,हमान
qiwi,क्यूआईडब्ल्यूआई,ई
agyat,अज्ञात,ट्यत
agende,एजेंडे,नेंडे
lynchburg,लिंचबर्ग,चंबर्ग
maangeena,मांगीना,जीना
khatakhataaegee,खटखटाएगी,खाखाताएजी
jodhikaa,जोधिका,हिका
srujanvigyaani,सृजनविज्ञानी,उजनविज्ञानी
detasan,डेटसन,दासन
badalwa,बदलवा,लाव्वा
urf,उर्फ,ट
chhaapemaar,छापेमार,मेारार
lux,लक्स,क्स
bhopal,भोपाल,लाल
phalibhoot,फलीभूत,हिभूत
paithelaujist,पैथेलॉजिस्ट,लेलौजिस्ट
paryaptta,पर्याप्तता,पाप्ट्टा
furti,फूर्ति,आईआईआई
mrutyuniwaarak,मृत्युनिवारक,युत्युनिवारक
maruti,मारुति,गुटी
uthaakar,उठाकर,ाचार
alo,एएलओ,ओ
pegaw,पेगव,वाज
pilibhit,पीलीभीत,िभित
somi,सोमी,मी
sanchalnon,संचालनों,लालनों
kanchipuram,कांचीपुरम,चिपुरम
daraatee,डराती,ती
yaddasht,याद्दाश्त,दश्त
sabudana,साबुदाना,उदाना
welding,वेल्डिंग,डलिंग
veronica,वेरोनिका,वरोनिका
stimberwala,स्टिम्बेरवाला,मिरवाला
mayajaal,मायाजाल,लाज
pes,पेस,
atul,अतुल,लुल
outomaitically,औटोमैटिकली,माटिटलीली
jaanchana,जांचना,जानाना
mithilanchal,मिथिलांचल,लिंलाल
phiksingah,फिक्सिंगः,सिंगह
sajetee,सजेती,तेई
plano,प्लानो,नानो
visangatiyaa,विसंगतिया,नागातिया
khhomche,खोमचे,चे
lagna,लगना,ना
mukeshwari,मुकेश्वरी,ेसेश्वरी
tasvaaron,तस्वारों,वावरों
dev,देव,व
vesh,वेश,श
jyothy,ज्योथी,ट्याय
landal,लेंडल,लाल
viraangnaaon,वीरांगनाओं,नारंणाओं
yanit,यनित,टिट
purnia,पूर्णिया,यिया
chauk,चौक,क्क
ladeen,लड़ीं,निन
chest,चेस्ट,टी
kasega,कसेगा,गेगा
abut,एबट,ट्ट
renuka,रेनुका,न्रुका
loowe,लूवे,
gulaabaag,गुलाबाग,ाबाद
lajjalu,लज्जालु,लजलु
sabhaar,साभार,रार
gairarashtravaadee,गैरराष्ट्रवादी,राराष्ट्रवादी
dhaavakon,धावकों,दावकों
lim,लिम,ट
vidhaaein,विद्याएं,आईएन
svayamsveekrat,स्वयंस्वीकृत,माय्वजीकरत
electrotex,इलेक्ट्रोटेक्स,केक्ट्रोटेक्स
ramraj,रामराज,राज
janbhavna,जनभावना,झावना
yauniktaa,यौनिकता,निकता
haathe,हाथे,ए
dune,दूने,एन
protects,प्रोटेक्ट्स,सेकेट्स
vareinye,वरेण्य,नेन्ये
mazboori,मज़बूरी,बूरूरी
praveenchand,प्रवीनचंद,विन्चंद
vaigyanik,वैज्ञानिक,वैज्ञानिक
torrent,टोरेंट,टेन्ट
aatmayen,आत्माएं,यायें
samprati,संप्रति,प्रती
matthe,मत्थे,ए
savita,सविता,टिया
atlantic,अटलांटिक,लेटेटिक
jalgti,जलगति,जगटी
chacchaa,चच्चा,चा
afreen,आफरीन,रीन
bazaru,बाजारू,बारु
chauki,चौकी,कि
pharse,फरसे,जे
tuning,ट्यूनिंग,टनिंग
nodaraanee,नोडरानी,नाराणी
maum,मौम,म
vidhaanee,विधाणी,हानी
gujar,गुजार,र
pakadkar,पकडकर,दकार
aankhen,ऑंखें,एन
aapka,आपका,काका
warner,वार्नर,रेनर
anvaharya,अन्वाहार्य,हावर्या
likhehain,लिखेहैं,हेहैं
paathyakram,पाठ्यक्रम,यायक्रम
shavkon,शावकों,ककों
yarooshaleim,यरूशलेम,शुलेम
mandalaayukto,मण्डलायुक्तो,लालायुक्तो
naino,नैनो,ओन
jhaaiyaan,झाइयां,जियां
simferopol,सिम्फरपोल,फेफरोपोल
dhamm,धम्म,म
nikharegaa,निखरेगा,रागेारा
ghumaan,घुमाण,गुन्न
hounga,होऊंगा,होंगा
dhakal,ढकाल,लाल
sagarika,सागरिका,रिका
bernard,बर्नार्ड,रन्डर
yogabal,योगबल,बाबल
breweries,ब्रेवरीज,रवियार्स
dish,डिश,श
aithan,ऐठन,नान
vartamaan,वर्तमान,मामन
tremasik,त्रैमासिक,त्रेमसिक
tasvire,तस्वीरे,विरियर
vyvhargat,व्यवहारगत,व्यहरगत
maratha,मराठा,ाथा
banvaa,बनवा,अा
svarnika,स्वर्णिका,र्वरिका
prasath,प्रसाथ,थाथ
overall,ओवरऑल,लार्ल
purwafalguni,पूर्वाफाल्गुनी,अवफलगुनिनी
properphasebook,प्रॉपरफेसबुक,प्रोपरफेसबुक
suven,सुवेन,न्न
sapate,सपाटे,टे
jh,झ,ज
karghe,करघे,ए
deshkaal,देशकाल,ककाल
nathdwara,नाथवाड़ा,द्वारा
thanvi,थानवी,ई
oran,ओरण,न
serrano,सेरानो,नरानो
ear,इअर,वर
submission,सबमिशन,सियन
dharak,धारक,काक
tadad,तदाद,दाद
greenwood,ग्रीनवुड,निवुड
haute,हाउते,हेट
behuria,बहुरिया,रुआरा
niyantaaon,नियंताओं,नांताओं
churu,चूरू,चुरू
missouri,मिसौरी,अरी
anyaya,अन्याय,याया
generat,जेनरेट,रेन्ट
nyutest,न्यूटेस्ट,टेटस्ट
garud,गरुड़,दुद
swaastikakaar,स्वास्तिकाकार,स्तिकाकर
shaie,शैइ,
siddhantavaadiyon,सिद्धांतवादियों,ध्धन्तवादियोंयों
anawashyak,अनावश्यक,अवाश्यक
seaten,सीटें,टेन
gulshan,गुलशन,नशन
riya,रिया,ए
firmian,फर्मिऑन,यानियन
tyre,टायर,री
chi,ची,सी
badlapur,बदलापुर,बलापुर
yuddhanaukaa,युद्धनौका,द्धानुका
nbcc,एनबीसीसी,सीसीसी
shreeganganagarvaasiyon,श्रीगंगानगरवासियों,गेगंगारवासियों
udaa,उदा,अा
cambridge,कैंब्रिज,म्ब्रिजे
airway,एयरवे,यावे
idol,आइडल,लोल
calumet,कैल्यूमेट,कलमेट
aajmaanaa,आजमाना,माना
tantrikao,तंत्रिकाओं,त्रिकाओ
jonesboro,जोन्सबोरो,सेसबोरोरो
buddhijeewon,बुद्धिजीवों,ध्दिजीवों
klozup,क्लोज़अप,ज़लजुप
nmdc,एनएमडीसी,सीडीसी
raashtrapit,राष्ट्रपित,शार्तपित
kamarhati,कमारहाटी,हरहती
asphault,एस्फाल्ट,फ्पौलट
fransisko,फ्रांसिस्को,सांसिसको
bhalla,भल्ला,ला
maulvidon,मौलवियों,मलविदों
narwar,नरवर,रवर
lahlahati,लहलहाती,लाहाटी
byaawa,ब्यावर,वावा
ghataaegi,घटाएगी,गाएगी
naamajadagee,नामजदगी,माजदीजी
takah,तकः,हा
sevagram,सेवाग्राम,गाग्राम
laamiyan,लामियां,यियान
gin,जिन,
swechha,स्वेच्छा,छछा
antadiyaan,अंतडियां,दतादियां
arya,आर्यो,या
polishing,पॉलिशिंग,िशिंग
jokhimabharaa,जोखिमभरा,मिखाभरा
umadatee,उमड़ती,दुदती
tantra,तंत्र,अरा
samoa,सामोआ,ओमा
csi,सीएसआई,आईआईआईआईआईआई
mandya,मांड्या,याया
lawrie,लॉरी,ए
pahante,पहनते,न्टे
ankor,अंकोर,रोर
nimnavat,निम्नवत्,ननावत
rapping,रैपिंग,पपिंग
roopesh,रुपेश,सेश
pratibaddhata,प्रतिबद्धाता,तिबद्धता
nadep,नाडेप,पेप
sailaaneepan,सैलानीपन,अलिनापन
menrajya,मेंराज्य,ाराज्य
daav,दाव,व
aaboorod,आबूरोड,हरूद
pathyakramon,पाठ्यक्रमों,क्यक्रमोन
nividaataaon,निविदाताओं,निवादाओं
gandhipura,गांधीपुरा,हधीपुरा
phwcs,पीएचडब्ल्यूसीएस,सी
narayangadh,नारायणगढ़,नायांढ़ाद
jaylalita,जयललिता,लालिता
susanskrut,सुसंस्कृत,संस्कुर
masood,मसूद,दुद
woonsocket,वुनसोकेट,सोकॉटेट
sanskrutiyan,संस्कृतियां,क्क्रुटियां
urff,उर्फ,फेफ
theratipally,थेराटीपल्ली,पिपल्ली
pratinirdesh,प्रतिनिर्देश,तिनिर्देश
ulhaaspur,उल्हासपुर,लुआसपुर
pahanate,पहनते,नाते
dhawakon,धावकों,दाकों
bhagedh,भगेड़,धिं
pransangali,प्राणसंगली,नसंगली
jalvayu,जलवायु,जायुयु
bhijvaai,भिजवाई,वाई
sayra,सायरा,ा
krendron,क्रेन्द्रों,नेंद्रों
maujud,मौजुद,उदुद
siddhaant,सिद्घांत,द्धान्त
kamyuniketars,कम्युनिकेटर्स,युनिकेटर्स
chidchidapan,चिड़चिड़ापन,चिचिदापन
muthoot,मुथूट,उत
wiwekadhikaron,विवेकाधिकारों,केकाधिकारों
maloun,मलौन,उन
cincinnati,सिनसिनाटी,सिनिननेटी
registan,रेगिस्तान,गेजिस्टान
parosne,परोसने,सनेन
vichaarakon,विचारकों,राककों
janbhawna,जनभावना,वानवाना
andaman,अंडमान,मामन
badyal,बडयाल,लाय
morepen,मोरपेन,पेनेन
beard,बियर्ड,ड्र
nodarani,नोडरानी,नोदरणी
dikhayee,दिखायेे,यायी
chink,छींक,क
wyakhyatmakta,व्याख्यात्मकता,खाख्यात्मकता
shaishav,शैशव,वाव
aainthoo,आइंथू,ठूह
ahemdabadah,अहमदाबादः,मदादादाहा
jaayke,जायके,के
cigniti,सिग्निटी,न्निटी
kurukshetra,कुरुक्षेत्र,शुषेत्र
pravritteeyon,प्रवृत्तीयों,रित्तीयोन
charcha,चर्चा,ा
lakshmeechandra,लक्ष्मीचन्द्र,श्यमीचन्द्र
hammond,हैमंड,होंड
nibhaegi,निभाएगी,गाएगी
dhunai,धुनाई,धुनई
janbhaavna,जनभावना,भावना
cant,कांट,टीएन
melaghaat,मेलघाट,घागात
mue,मुऐ,स
shwing,श्विंग,गिंग
dampatya,दांपत्य,दंप्या
kpada,कपड़ा,दादा
santati,संतति,टाटी
maanavtarhit,मानवटरहित,नवतारहित
anuprayogi,अनुप्रयोगों,उण्रयोगी
harvey,हार्वे,ह्वे
kaju,काजू,यू
cerritos,सेररितोस,टिटों
texmaco,टेक्समैको,मेकमाको
sanchar,संचार,रार
tuth,ट्रुथ,थ
lozano,लोज़ानों,जानो
ropaney,रोपने,पनेनी
hollywood,हॉलीवुड,होलीवुड
chhinke,छींके,एल
dhamma,धम्मा,मा
technoplast,टेक्नोप्लास्ट,क्होनप्लास्ट
pujapath,पूजापाठ,गपथ
chanan,चानन,नन
shrankhalaaon,श्रंखलाओं,खानालाओं
chhednaa,छेड़ना,नना
carbogen,कार्बोजेन,ब्रोगोजेन
vyavadhan,व्यवधान,भादान
schultz,शुल्ट्ज,ज्टाज
istrailiyon,इस्त्राइलियों,ल्रेलियों
squash,स्क्वाश,अक्श
danville,डैनविल,लिले
prana,प्राना,ा
thaakurvaadee,ठाकुरवादी,तुक्वादी
prayogshaastra,प्रयोगशास्त्र,ओयशास्त्र
wyakteeyon,व्यक्तीयों,काकीयों
metrologist,मैट्रोलॉजिस्ट,ल्रोलॉजिस्ट
madhura,मढ़ौरा,रुआ
paliyon,पालियों,यियों
denver,डेनवर,वंवर
apj,एपीजे,ज
beni,बैनी,एनई
pratisthaan,प्रतिस्थान,सिस्थान
bhrashtaachaariyon,भ्रष्टाचारीयों,चत्ताचारियों
lakeer,लकीर,यर
sudhaargrah,सुधारगृह,ारग्रह
sandali,संदली,लाली
jagriti,जागृति,तिति
talwar,तलवार,ट्वार
janashiksha,जनशिक्षा,शिक्षा
tapuwo,टापुओं,टुवो
bulletin,बुलेटिन,लेटिन
ballebaajee,बल्लेबाज़ी,बेलाबाजी
maadheekhedhaa,माड़ीखेड़ा,मीखेधा
arthshaastriyon,अर्थशास्त्रीयों,श्षशास्त्रियों
scaining,स्कैनिंग,एलिंग
mehman,मेहमान,मन
rahegi,रहेगी,गे
jamshedpur,जमशेदपुर,जामशेदपुर
tyauharon,त्यौहारों,च्याऊरों
darshaana,दर्शाना,दशाना
beechbachaav,बीचबचाव,भाचाव
sulati,सुलाती,टि
varshan,वर्शन,न्न
sudhaaratee,सुधारती,ाराती
wasaamukt,वसामुक्त,ामामक्त
patil,पाटिल,ल
jewaab,जेवाब,बाब
soto,सोटो,ओटो
dhtuen,धातुएं,तुएन
dose,डोसे,स
bhaagadaud,भागदौड,गदौद
pagabadha,पगबाधा,भाधा
arushi,आरुषि,शुशी
agusta,अगस्ता,सुस्टा
titan,टाइटन,टिन
equities,इक्विटीज,इटिएज
airtel,एयरटेल,लेल
alaps,ऐल्प्स,पास
naksali,नक्सली,सालाली
achivement,अचीवमेंट,विवेमेंट
galaega,गलाएगा,गाएगा
foodon,फूडॉन,नों
rajnichi,राजनीचि,राजनीची
arya,आर्य,या
streamwood,स्ट्रीमवुड,मिव्डूड
ghot,घोट,ट
music,म्यूजिक,सिक
purkayastha,पुरकायस्थ,यायास्था
nora,नोरा,अा
tonic,टॉनिक,टानिक
gujaarne,गुजारने,गारने
water,वाटर,र्ट
sunsaan,सूनसान,असन
sirsa,सिरसा,ा
tangirala,टेंगीरला,रियाला
hanson,हेनसन,हों
varun,वरुण,वुन
dreijer,ड्रेजर,डेजर
doudaate,दौड़ाते,दाते
sharabon,शराबों,ओंओन
vyakteeyon,व्यक्तीयों,कात्तियों
saatseraa,सातसेरा,स्सेरा
darjano,दर्जनों,दारानो
agniyaan,अग्नियां,नियां
dhonaa,धोना,अाना
karyakartriyon,कार्यकर्त्रियों,कारार्त्रियों
awasthaen,अवस्थाएं,च्थाएं
himamaanav,हिममानव,हिमामावव
two,टु,ओ
ail,ऐल,ल
bandhuon,बंधुओं,उंओं
shraddhavanon,श्रद्धावानों,द्धावनोन
mariyo,मारियो,यो
vyaghat,व्याघात,घाथत
michael,माईकल,ले
adrgh,अद्र्घ,घर
vitthal,विट्ठल,ल्थल
prarup,प्रारूप,रुप
dhoondhti,ढूंढती,धंदी
dubana,डुबाना,दुअना
ladne,लडने,ने
form,फार्म,म
zuari,जुवारी,ज़ारी
pariwarwale,परिवारवाले,वारवाले
peranormal,पैरानॉर्मल,नेरोमल
bhuvneshvaprasad,भुवनेश्वप्रसाद,न्वेशवरासद
iris,आईरिस,स
pratigyapoorn,प्रतिज्ञापूर्ण,तिज्ञापूर्ण
lebalon,लेबलों,लालों
shreekrushnan,श्रीकृष्णन,रीक्रुश्नन
snikarse,स्नीकर्स,कारसे
kain,कईं,न
bhooswaami,भूस्वामी,सुवामी
karta,कटरा,ा
anyay,अन्याय,याय
nokari,नोकरी,राई
precision,प्रिसिशन,सिसन
chrom,क्रोम,म
jue,जुए,ज
bowling,बोलिंग,लाविंग
taapti,ताप्ती,टाप्टी
catholicon,कैथोलिकों,लाथलिकन
nazarandaz,नजरंदाज,राण्डाज
mulchand,मूलचंद,चांड
sweccha,स्वेच्छा,चचा
nanyaulaa,नन्यौला,यौला
ghontana,घोंटना,ंटना
advaitwad,अद्वैतवाद,वाइतवाद
underwood,अंडरवुड,डरवूड
lubhaavna,लुभावना,भावना
petroselee,पेट्रोसेली,सोरेली
amdi,आमदी,डी
ropane,रोपने,पने
daisy,डेजी,सी
jababee,जबाबी,बी
cup,कप,प
phaade,फाड़े,एड
ulahna,उलाहना,हुलना
unnatiyon,उन्नतियों,न्नतियों
molina,मोलिना,िनाना
gaandchubhonachoosnachhote,गांडचुभोनाचूसनाछोटे,गणचुभोनाचोस्हेचेतेतेतेचेतेतेचेतेतेचेतेतेचेतेतेचेते
han,हां,हह
pradarshan,प्रर्दशन,राष्रन
sarjuga,सरगुजा,उजुगा
bidar,बीदर,रार
amargad,अमरगढ़,ारगड
juye,जुए,ए
tonk,टोंक,टीएक
devaapur,देवापुर,देवापुर
intelligence,इंटेलीजेंस,लेलिजेंस
neetiyon,नीतियों,नितियों
khanaudaa,खनौदा,ऊदा
porbandar,पोरबंदर,ब्रबंदर
sim,सिम,टी
lagnesh,लग्नेश,नेनश
gaayikao,गायिकाओ,यायाओ
prishthabhoomiyon,पृष्ठभूमियों,त्षाभूमियों
moolchand,मूलचंद,चांड
silchar,सिल्चर,रचर
margarita,मार्गरिटा,राइता
udakishuganj,उदाकिशुनगंज,चुदिशुगंज
sirtee,सिरती,जी
yamala,यमला,ला
prashikshu,प्रशिक्षु,प्रशियुचु
sierra,सिएरा,रा
aalhaa,आल्हा,अा
peck,पेक,के
taskhir,तसखीर,तिखिर
daka,डाका,का
nominate,नॉमिनेट,निनेट
sapat,सपाट,टाट
coimbatore,कोयम्बटूर,मिंबाटोर
koraput,कोरापुट,पुप
svayattshasan,स्वायत्तशासन,अवायत्षासन
vidyutikrit,विद्युतीकृत,युयुटिकृत
kikiyaanaa,किकियाना,यियाना
arunaai,अरुणाई,नुआई
rigal,रीगल,लाल
diamond,डायमंड,नोंड
mridubhaashee,मृदुभाषी,चुभाषी
walters,वाल्टर्स,र्स
sutrapada,सूत्रपाडा,त्रपदा
keeti,कीति,टी
zilaadhikaari,ज़िलाधिकारी,ज़िलाधिकारी
mangesh,मंगेश,शेश
pension,पेंषन,शन
laganewale,लगनेवाले,नेवाले
jilavasiyon,जिलावासियों,जलावियों
ploskee,प्लोस्की,सकी
eksath,एकसाथ,चात
sekhar,सेखर,र
dow,डीओडब्ल्यू,वी
ardhawishwaas,अर्धविश्वास,ध्दविश्वास
rajasthan,राजस्थान,सास्थान
vikaskhand,विकासखण्ड,असखंड
samshayon,संशयों,शायायों
badhanaa,बढना,ाना
classon,क्लासों,सोन
ikhrul,उखरुल,उलुल
furaame,फुरामे,मामे
ebaz,एबज,जाज
baataaya,बाताया,ायाया
jushantan,जुशान्तान,जुन्तन
strong,स्ट्रॉन्ग,ट्रोंग
rajnitikaron,राजनीतिकारों,ननितिकारों
panipat,पानीपत,पेट
blankaard,ब्लांकार्ड,नकार्ड
jhabua,झाबुआ,उअा
jacinto,जकिंटो,ंटो
barahsinga,बारहसिंगा,हार्सिंगा
suchnah,सूचनाः,न्हाह
electromagic,इलेक्ट्रोमैजिक,केलक्ट्रोमाजिक
lalmani,लालमणी,लमानी
bhaaulaal,भाऊलाल,लाल
kathua,कठुआ,उगा
palaari,पलारी,रारी
amitao,अमिताव,तिओत
tadanrustee,तदंरुस्ती,टाडानरस्टी
vaabastaa,वाबस्ता,सस्ता
vlad,व्लाद,द
slash,स्लैश,शांश
waterbury,वाटरबरी,र्बरी
selfie,सेल्फी,यी
luis,लुईस,सिस
panchasootra,पंचसूत्र,सूत्र
aryama,अर्यमा,मा
vaadak,वादक,कड़क
junction,जंक्शन,शिन
generic,जेनरिक,रिरिक
jiya,जिया,अ
aden,एडेन,नेन
sophner,सॉफ़्नर,न्रेर
qwvga,क्यूडब्ल्यूवीजीए,व्वजा
dhvanimikon,ध्वनिमिकों,द्वनिमिकों
feeds,फीड्स,स्स
sukadiyaal,सुकडि़याल,दादियाल
angadh,अनगढ़,धाध
bavji,बावजी,जजी
chhodiye,छोडिये,यिये
cipla,सिप्ला,ल्ला
vigyanon,विज्ञानों,न्ञानों
dhasmaanaa,धस्माना,माना
longewal,लोंगोवाल,जेवाल
badam,बदाम,म
atraikt,अट्रैक्ट,अतिक्त
saraaha,सराहा,ाहा
nrityashaili,नृत्यशैली,रित्याशैली
sanvari,संवरी,अरी
yakshadhipati,यक्षाधिपति,याकशाधिपति
arabpatiyon,अरबपतियों,पबपटियों
mukaddamon,मुकद्दमों,दाद्मोन
phode,फोड़े,जे
sihunta,सिहुंता,चुंता
jeewan,जीवन,एन
dhoondhata,ढूंढता,धंता
cruces,क्रुसेस,सेस
kaaryakartriyon,कार्यकर्त्रियों,ाराकर्त्रियों
pratibaddhtaaen,प्रतिबद्धताएं,तिबद्धातेन
dlw,डीएलडब्ल्यू,वीआईआईआईओ
plan,प्लेन,न
pailot,पायलट,लोट
adhiwas,अधिवास,विवास
phainn,फैंन,न्न
favvara,फव्वारा,अवरा
halchal,हालचाल,हचल
wishvaweer,विश्ववीर,ववीर
crest,क्रेस्ट,स्ट
brahmleen,ब्रह्मलीन,लमीन
virechan,विरेचन,चेराएन
yaaddaashta,याद्दाश्त,यादाश्त
ujjain,उज्जैन,जेन
sahyaatre,सहयात्री,ायात्रे
jimme,जिम्मे,मे
sarawagi,सारावागी,गागी
dekhiyegaa,देखियेगा,खियेगा
wajood,वजूद,द्द
kundal,कुंडल,लाल
ria,रिया,या
slider,स्लाइडर,डिरर
management,मैनेजमेंट,मेमेंट
karyakaaryakartaon,कार्यकार्यकर्ताओं,कारायारकर्ताओं
cristis,क्रिस्टिस,सिसिस
ruktey,रुकते,केये
distrabyuters,डिस्ट्रब्यूटर्स,स्ट्राबयुयुटर्स
spell,स्पेल,ल
damapar,दमपर,पापार
thikane,ठिकाने,टाने
interactuality,इंटरटेक्चुअलिटी,करेक्चुआईटीटी
cdyaan,सीडीयां,आयायन
south,साउथ,थ
aapkaa,आपका,काका
nahinkarwaaee,नहींकरवाई,निकारवाई
jaagriti,जागृति,तिति
choodhe,चूड़े,ए
thirty,थर्टी,यी
nadsa,नक्सल,एसाए
gsm,जीएसएम,एम
gujarat,गुजरात,अराट
darshnarthee,दर्शनार्थी,न्राठी
nabha,नाभा,अ
dhokebaaj,धोखेबाज,बेबाज
lega,लेगा,गा
beeaaeeaaeeteeem,बीआईआईटीएम,आईआईएटीमीम
somwaar,साेमवार,वावर
wanon,वाणों,नों
audhyogikaran,औद्योगिकरण,योदोगिकरण
agrahari,अग्रहरि,अराहरी
aafa,आफॅ,अ
teemaardaron,तीमारदारों,मार्डारों
misra,मिश्रा,ारा
cerebra,सेरेब्रा,ब्रा
naagrik,नागारिक,नाग्रिक
dastaar,दस्तार,ातार
makarh,मकरः,हर
gtor,जीतोड़,टीआर
ballistic,बैलिस्टिक,सिलिस्टिक
chadhegaa,चढ़ेगा,गेगा
maange,मांगे,ज
nilabh,नीलाभ,भाभ
mensharaab,मेंशराब,राराब
singhade,सिंघाड़े,ढडे
hisaarah,हिसारः,हारह
ramkot,रामकोट,कामोट
baithate,बैठते,ठते
taskheer,तसखीर,लीयर
ishaara,इशारा,ारा
solapur,सोलापुर,लापुर
mejbaani,मेजबानी,बाबानी
florence,फ्लोरेंस,लेरेंस
paraamarshak,परामर्शक,ामारशक
jhaadane,झाड़ने,नाने
theaters,थियेटर्स,टर्स
aadaan,आदान,अन
ambience,आंबियंस,इनेंस
surakshaah,सुरक्षाः,च्षाह
hikaarico,हिकारिको,हियारिको
baanyaa,बांया,ाया
rookvaai,रुकवाई,वंवी
mitravat,मित्रवत,वात
bokaro,बोकारो,रारो
maurya,मौर्या,ाया
pratinidhikaaree,प्रतिनिधिकारी,इनिधिकारी
chandramaon,चंद्रमाओं,म्रमाओं
parosane,परोसने,साने
dhaiya,ढैया,याया
spirits,स्पिरिट्स,आरिट्स
leandro,लियान्ड्रो,ड्रो
sean,शॉन,न
swarthparak,स्वार्थपरक,र्थपारक
chuchiyaan,चूचियां,चुज़ान
mahamidiya,महामीडिया,मामिदिया
poorwajanmon,पूर्वजन्मों,व्राजनमों
shohadapantee,शोहदापंती,अदापंती
kushaan,कुषाण,अन्स
jamloki,जमलोकी,लालोकी
everest,एवरेस्ट,रेस्ट
taswaaron,तस्वारों,अवारों
advivas,अधिवास,विवास
premlata,प्रेमलता,मेलालाटा
murrieta,मुर्रिएटा,यरिटा
vaimanasya,वैमनस्य,मामानस्य
kelly,केली,ली
tinplate,टिनप्लेट,टल्लेट
vaan,वाण,
mahamantr,महामंत्र,मंत्र
mezbaan,मेजबान,ब्बान
shumali,शुमाली,लाली
fulaaye,फुलाए,याए
pruitt,प्रूट,ट्ट
rojvelt,रुजवेल्ट,वेवेल्ट
prashasanik,प्रशासनिक,राशासनिक
ulazaanon,उलझानों,अलाजन
patrakaarvarta,पत्रकारवार्ता,काराकरवर्ता
duar,दुआर,ड्र
kathfodave,कठफोड़वे,फोफोडवे
bipin,बिपिन,िन
offerh,ऑफरः,रहर
isayiyon,ईसाइयों,याइयों
propellent,प्रोपेलेंट,पापेलेंट
kansai,कंसाई,एटी
sikhin,सीखीं,निन
cdcl,सीडीसीएल,एलसीएल
abbott,एबोट,टोट
katlari,कटलरी,लारी
aadiwadiyon,आदिवादियों,दिवादियों
chitrakathaa,चित्रकथा,काराथा
avshisht,अवशिष्ट,शिष्ट
phyuchuristic,फ्यूचुरिस्टिक,चुचुरिस्टिक
tereeh,तेरीः,हीह
nanhe,नन्हें,ए
avery,एवरी,री
suba,सूबा,अा
shakhayen,शाखाएं,येन
trikaldarshee,त्रिकालदर्शी,लालदारशी
paalasaahee,पालसाही,असाही
failaiye,फैलाइए,लेये
jhauvaa,झउवा,अा
jamati,जमाती,टाई
janhani,जनहानि,जानानी
ponding,पोंडिंग,डांग
taswaron,तस्वारों,रवोन
deshkal,देशकाल,ख्कल
hichkichaa,हिचकिचा,हिकिचा
basteeh,बस्तीः,ईह
garibi,गरीबी,बिबी
phadphadaaen,फड़फड़ाएं,फ्पड़ाएं
sitaram,सीताराम,अरम
kmere,कमेरे,ेरे
bairakpur,बैरकपुर,बराकपुर
svayamswikrat,स्वयंस्वीकृत,माय्व्विक्रत्र
kaasovo,कासोवो,ओसो
majboori,मज़बूरी,बूरूरी
convocation,कन्वोकेशन,सोटेशन
skipper,स्किपर,पियर
jaipur,जयपुर,यापुर
prasthaanon,प्रस्थानों,त्षाहोन
narm,नरम,म
radiopremi,रेडियोप्रेमी,आइपिय्रेमी
titagarh,टीटागढ़,गागढ़
chico,चिको,ओ
rajyamantreesvatantra,राज्यमंत्रीस्वतंत्र,मायंत्रीजवत्तन्त्र
mainval,मैनवल,लाव
gujarana,गुजारना,राणा
satluj,सतलुज,ल्यूज
jatiyon,जातियों,जियों
anhoni,अनहोनी,ह्नोनी
telelinks,टेलीलिंक्स,टलिंक्स
labs,लैब्स,स्स
harawal,हरावल,हावल
marriage,मैरेज,यारेज
maniya,मनिया,याया
tractors,ट्रैक्टर्स,टेकोर्स
kanchan,कंचन,नाचन
lairi,लैरी,री
kaaryaawadhi,कार्यावधि,ारावाधि
jalbharav,जलभराव,भाराव
bhaadaa,भाड़ा,ाआ
baagora,बागोरा,ोरा
piega,पिएगा,गा
stephens,स्टीफेंस,फेन्स
abhimat,अभिमत,मिमाट
accelya,एक्सेल्या,सेल्या
wirerless,वायरलेस,रेल्लेस
chauda,चौड़ा,दाड़ा
parbhani,परभणी,भ्हानी
khaatedar,खातेदार,देदार
badhna,बढना,अना
burch,बर्च,च्
upadrawon,उपद्रवों,दुर्रवों
tikiyon,टिकियों,टियों
milk,मिल्क,क्क
dubona,डुबोना,ओंना
baker,बेकर,र
sutali,सुतली,लाली
buddharam,बुद्धाराम,अधाराम
wealth,वेल्थ,ल्थ
patrani,पटरानी,राणी
ardhavishwaas,अर्धविश्वास,ध्दविश्वास
paim,पैम,म
castaneda,कास्टानेडा,त्तानेदा
baljit,बलजीत,जित
bhatnagar,भटनागर,नागर
jaatakon,जातकों,जाकों
ecuador,इक्वाडोर,यूडॉर
swargdoot,स्वर्गदूत,द्रदूत
rushikul,ऋषिकुल,शुकुल
tate,टेट,ट
kanthhar,कंठहार,र
beaulad,बेऔलाद,लाड
europea,यूरोपिया,पिया
gaye,गए,ए
dadreva,ददरेवा,देवा
bikherane,बिखेरने,रेने
hamlo,हमलो,हलो
pakdaae,पकड़ाए,दाए
uplabdhiyon,उपलब्धियों,ल्लब्धियों
colorado,कोलोराडो,रोडाडो
packard,पैकर्ड,अरड
jagruti,जागृति,ग्रुटी
andhra,आंध्रा,र्र
chounkate,चौंकाते,कंटे
bekhvaabiyaan,बेख्वाबियां,बखवाबियां
naphaa,नफ़ा,ाआ
sinha,सिन्हा,ए
utpidan,उत्पीडऩ,उत्पिदान
saga,सागा,ए
aarya,आर्य,ा
dikhaaiye,दिखाइये,दियाइये
anishtata,अनिष्टता,श्तता
udan,उड़ान,उद्न
sanyuktawastha,संयुक्तावस्था,युयुक्तावस्था
shamtal,शमलात,लाल
evava,एवव,वा
adhiwaktaagan,अधिवक्तागण,अधिक्तागन
ralhan,रल्हन,न्लान
jhuthalane,झुठलाने,लाने
purvaabhaas,पूर्वाभास,भावास
bijendrasinh,बिजेन्द्रसिंह,जेन्द्रसिंह
chinmani,चिनमणि,मंनी
loksbhavaali,लोकसभावाली,संभावाली
ladki,लड़की,ककी
narsinghgarh,नरसिंहगढ़,सिंहगढ़
sanghathanamantriyon,संगठनमंत्रियों,थाहणामंत्रियों
roopi,रूपी,पी
karykartaon,कार्यकर्ताओं,कार्ताओं
augusta,अगस्ता,सुस्टा
manmarji,मनमर्जी,मारजी
antrmukh,अंतर्मुख,म्रमुख
anumar,अनुमार,मुर
rishtanaataa,रिश्तानाता,त्तानाता
dviarthi,द्विअर्थी,अवर्थी
chootile,चुटीले,लि
hattiesburg,हैटीज़बर्ग,हटीसबुर्ग
yoojee,यूजी,जी
raaj,राज,ज
raigulization,रैगुलाइजेशन,लुजिएशन
vindhya,विंध्या,ह्या
fixingah,फिक्सिंगः,सिकिंगह
kamjor,कमज़ोर,जोरोर
bhara,भरा,ा
chaudhavan,चौदहवां,दाहवन
falne,फलने,ले
shrunkhla,श्रंखला,खंला
vipannta,विपन्नता,विंनता
proofread,प्रूफ़रीड,फरीड
zamana,ज़माना,ज़ाना
ghataaegee,घटाएगी,गाएगी
danga,दंगा,गा
erica,एरिका,किया
bhola,भोला,अा
vyakhyatmakta,व्याख्यात्मकता,व्याख्यात्मक्ता
yojnah,योजनाः,जनाह
webuniyadee,वेबुनियादी,बेवुनियादी
rumani,रुमानी,अमानी
sahu,साहू,उयू
pradhaannagar,प्रधाननगर,ाहाननगर
seattle,सीऐटल,ले
stain,स्टैन,न
insaani,इनसानी,आसानी
hamla,हमला,हला
nutrio,न्यूट्रियो,योरोयो
ladadd,लदड,दद्द
antadiyan,अंतडियां,अटादियां
kushwaha,कुशवाहा,हावा
kochchih,कोच्चिः,चिह
ganapathy,गणपति,पाठाय
farmic,फार्मिक,फारिक
padengee,पड़ेंगी,गेनी
arth,अर्थ,थ
mukarrar,मुक़र्रर,रर
niptakar,निपटाकर,पटकर
holidays,होलिडेस,होलिडायस
cooch,कूच,च
utthak,उठ्ठक,ठुक
sulkhan,सुलखान,खान
kamere,कमेरे,रे
jagayega,जगाएगा,येजा
santree,संत्री,री
shakhsiyaten,शख्सियतें,सियातें
panchang,पंचांग,ंग
zalana,झालाना,ज़लाना
nitya,नित्या,या
ichchhee,इच्छी,छी
habra,हाबरा,ह्रा
paaliyon,पालियों,यियों
azoospermia,एजूस्पर्मिया,सुप्पीमिया
taavij,तावीज,जिज
foodworks,फ़ूडवर्क्स,व्वरक्स
graham,ग्राहम,माम
prabhaanmantree,प्रभानमंत्री,ानामंत्री
seth,सेथ,ए
jagtap,जगताप,जटेप
harshit,हर्षित,हृष
dubna,डूबना,अना
raktadataon,रक्तदाताओं,दतादाताओं
mexico,मेक्सिको,सकाइको
tasir,तासीर,तिर
eyarkandishnar,एयरकंडीशनर,अरकंडीशनर
eddi,एड्डी,डि
macon,मैकॉन,नों
israni,इसरानी,इरानी
ainth,ऐंठ,थ
shreemahapurn,श्रीमहापूर्ण,दीमहुर्ण
dork,डॉर्क,क्र
jeenon,जीनों,नोन
ghareebon,ग़रीबों,बिबोन
taraashakar,तराशकर,शाशकर
observer,ऑब्जर्वर,रेवरर
aarya,आर्यो,ा
ukhad,उखड,द
saathsaath,साथसाथ,चास
packagon,पैकेजों,गाकों
hindon,हिंडन,हडणों
aprihary,अपरिहार्य,हरियरी
manzil,मंजिल,लिल
lx,एलएक्स,एक्स
karvi,कर्वी,इवी
dubhashiyon,दुभाषियों,दशियों
rikannekting,रिकनेक्टिंग,नकनेक्तिंग
wind,विंड,डी
client,क्लांइट,एनट
shararat,शरारत,ाराट
ventura,वेंचुरा,रुआ
rollins,रोलिंस,लिन्स
haynes,हैन्स,हियन्स
niketan,निकेतन,नेटान
krantiyon,क्रांतियों,तुतियों
twin,ट्विन,वी
divya,दिव्य,या
gidgidate,गिड़गिड़ाते,गिडिडेट
nigmaayukt,निगमायुक्त,निम्गयुक्त
gabalee,गबली,ली
novato,नोवाटो,टाओपो
rishwatkhor,रिश्वतखोर,शिव्तखोर
faansi,फांसी,सिसी
garjana,गर्जना,नाना
nihlani,निहलानी,निलानी
pintaa,पिंटा,ामा
greer,ग्रीर,रियर
lewisville,लेविसविल,इव्विलेल
prakaashit,प्रकाषित,ाकाशित
clariant,क्लैरिएंट,लियांट
khaayal,क़ायल,लाल
dwiarthi,द्विअर्थी,डियार्थी
raakhe,राखे,ए
bulandshahr,बुलंदशहर,अंदशाहर
stafford,स्टेफोर्ड,फ्मोर्ड
najariyon,नजरियों,नाजियों
world,वर्ल्ड,डाड
jeevniyaan,जीवनियां,जनियां
parmeshwarpur,परमेश्वरपुर,रमेश्वरपुर
uthanee,उठनी,नी
nyootriyo,न्यूट्रियो,चुत्रियो
jetha,जेठा,था
baagbagichon,बागबगीचों,बागागों
suchikitsaa,सुचिकित्सा,किकित्सा
nagmandal,नागमण्डल,मंडल
pradadhikariyon,प्रदाधिकारियों,धाधिकारियों
urvarta,उर्वरता,्रावता
neal,नील,ल
kriptocurrencyon,क्रिप्टोकरेंसियों,क्टपोक्यूरिंसियों
svaayattshaasan,स्वायत्तशासन,अवायत्षाशन
zarda,जर्दा,ज़ादादादादादादादादादादादादादादादादादादादादादादादाद
uplakshya,उपलक्ष्य,पलक्ष्य
chhudwaya,छुड़वाया,यावा
vidagdhaa,विदग्धा,गढा
mukhyamantripatana,मुख्यमंत्रीपटना,मायमंत्रिपताना
gene,जैने,एन
ratanpur,रतनपुर,रतनपुर
mhantam,महानतम,मंतम
guna,गुना,ए
mtech,एमटेक,चेक
denevali,देनेवाली,नेवाली
naabhikund,नाभिकुंड,हाखिंद
visheshanon,विशेषणों,शेषणों
langaron,लंगरों,रागन
polythenon,पॉलिथीनों,हिथेनोन
sambit,संबित,िट
dhundh,ढूंढ,धं
haan,हां,हाँ
takra,टकरा,अरा
dhandhekhori,धंधेखोरी,द्धेखोरी
pulinde,पुलिंदे,इंडे
epoklips,एपोक्लिप्स,कोकलिप्स
vigyaanapeediyaa,विज्ञानपीडिया,आजानपीडिया
mahoney,महोनी,नोनी
poonjitantra,पूंजीतंत्र,तिंत्र
khare,खरे,
ekstactor,एक्सटेक्टर,सस्टेक्टोर
zunheboto,ज़ुन्हेबोटो,हन्हेबोटो
priyamani,प्रियामणि,यामामिनी
sawaal,सवाल,लाल
sukhakar,सूखाकर,कार
aalochak,आलोचक,कोलक
phaans,फाँस,स
jayalalitaa,जयललिता,लालिता
amjhera,अमझेरा,जेरा
bombay,बॉम्बे,ब्माय
vyagra,व्यग्र,्रा
apnani,अपनानी,न्नानी
risane,रिसने,ने
chhure,छुरे,ेर
charlotte,शार्लेट,लोटे
jose,जोस,ज
raileeh,रैलीः,हीह
mejbaan,मेज़बान,बाबन
dhandhanya,धनधान्य,धान्या
dabur,डाबर,दुर
bsss,बीएसएसएस,एस
najib,नजीब,बिब
avsthayen,अवस्थाएं,अत्थायें
jabalpur,जबलपुर,अबलपुर
dharmanirpekshtaake,धर्मनिरपेक्षताके,द्राणीरपेक्षताके
farmer,फार्मर,र्मर
nacl,एनएसीएल,ली
somerville,समरविल,ल्विले
bull,बुल,ल
jhulae,झुलए,ए
khagyaar,खग्यार,ायार
meharaam,मेहराम,अराम
dhasmana,धस्माना,दमाना
ripan,रिपन,एम
bhagdaud,भागदौड़,ददौद
mithya,मिथ्या,याया
lalaaniyaa,ललानिया,नालिया
bhulon,भूलों,नों
vadali,वडाली,लाली
nagappattinam,नागापट्टिनम,नगपत्तिनाम
vaimanya,वैमनस्य,माण्या
biggest,बिगेस्ट,सेस्ट
jodta,जोड़ता,जटा
mahattaron,महत्तरों,ततरों
orchha,ओरछा,छारा
dhairyavaan,धैर्यवान,द्यवान
sund,सूंड़,डं
prince,प्रिंस,से
zuban,ज़ुबान,ज़ुबन
camstudio,कैमस्टूडियो,स्मुदियो
yooropiyaa,यूरोपिया,पोपिया
meza,मेज़ा,अजा
bhusawal,भुसावल,वाल
gayatri,गायत्री,गात्री
ware,वेयर,
buddhizeevon,बुद्धिजीवों,ध्दिजीवोन
enth,ऐंठ,थ
radar,रदर,रार
ilayachi,इलाइची,यलायाची
ubaal,उबाल,लाल
shreeganganagarwaasiyon,श्रीगंगानगरवासियों,गेगंगारवासियों
fitzgerald,फिजराल्ड़,ज्जगेरलड
jeevanshaili,जीवनशैली,वांशैली
chart,चार्ट,ट
sargi,सरगी,जी
vedon,वेदों,नों
murmur,मरमर,र्मुर
bhaate,भाते,ए
wipkha,विप्ख,खा
bayaane,बयाने,ानेन
madanaganja,मदनगंज,नानगंजा
packageon,पैकेजों,एगियन
varnankartaaon,वर्णनकर्ताओं,ननकर्ताओं
jyada,ज़यादा,दादा
lokotsaw,लोकोत्सव,कोटसवा
tewree,तेवरी,जी
jhaugunj,झाउगंज,जुंज
malwan,मालवान,नान
tadanrusti,तदंरुस्ती,टाडानरस्टी
el,ऐल,ल
qabzaa,क़ब्ज़ा,ज़्ज़ा
susanskrit,सुसंस्कृत,संस्कृत
sandhol,संधोल,हधोल
aamariyapadha,आमरियापाड़ा,रियापधा
haabban,हाब्बन,हबान
bowling,बाउलिंग,लाविंग
rasme,रस्मे,मे
emdablyupiel,एमडब्ल्यूपीएल,बेडाबलियापिल
vidhaaon,विद्याओं,अधों
bowie,बोवी,जी
chennai,चेन्नई,नाइ
kamaljeet,कमलजीत,लजीत
singha,सिंहा,ए
pensiondhariyon,पेंशनधारियों,शिंधारियों
barah,बारह,ा
dubana,डूबना,दुअना
esetal,एसेटल,टेल
chouhan,चौहान,हून
phalne,फलने,ने
siddhaarthah,सिद्धार्थः,द्धारथाह
apex,एपेक्स,क्स
dalton,डाल्टन,ड़ॉन
shrikhand,श्रीखंड,खिंड
textiles,टेक्सटाइल्स,स्टिलेस
agarwal,अग्रवाल,वरवाल
mithyaachariyon,मिथ्याचारियों,य्याचरियों
cement,सिमटे,मेंट
kraanfrensing,क्रान्फ्रेंसिंग,राएफ्नेंसिंग
sanskrutiyon,संस्कृतियों,क्क्रुटियों
dhankkar,ढंककर,दकार
nizamabad,निज़ामाबाद,ज़ामाबाद
chhatenee,छतेनी,नेनी
dushkriyaa,दुष्क्रिया,क्रिया
sasaram,सासाराम,मार
chidhte,चिढ़ते,टे
lamba,लाम्बा,अमा
lautis,लउटिस,सिस
khaen,खाएँ,एन
dhndhe,धंधे,धे
antayant,अन्त्यन्त,अटायंत
mass,मास,एस
baraamad,बरामद,माद
kremistry,क्रेमिस्ट्री,मिस्ट्री
uthanevale,उठनेवाले,नेवले
lehna,लहना,नना
siragitti,सिरगिट्टी,गारिट्टी
control,कंट्रोल,ट्टरोल
andaajee,अंदाजी,अजी
cateline,कैटलिन,लिने
pakshpat,पक्षपात,चष्पत
fodo,फोड़ों,ओडो
franciska,फ्रांसिस्का,फ्रेंसिक्का
prayogaprushth,प्रयोगपृष्ठ,ओयोगप्शुष
krantidhara,क्रांतिधरा,तिधारा
daishwala,डैशवाला,लवाला
khurasan,खुरासान,अरासन
quarantine,क्वॉरेनटाइन,कारंटीने
fond,फोंड,डिज
pakshapat,पक्षपात,शाषाप
putla,पुतला,ला
truth,ट्रुथ,थियू
sathsath,साथसाथ,ताथ
mohim,मोहिम,मिम
johnson,जॉनसन,न्सनोन
cpm,सीपीएम,एम
bataaya,बाताया,ायाया
palmer,पाल्मर,र्मेर
tughlaqabad,तुगलकाबाद,तुलाकाबाद
apcotex,एपकोटेक्स,कॉटेक्स
hairam,हैरम,हाय्म
sarebajar,सरेबाजार,बेबाजर
jerusalem,येरुशलम,सुसेलम
mold,मोल्ड,डी
warnankartaaon,वर्णनकर्ताओं,नानकर्ताओं
hooper,हूपर,हर
waters,वाटर्स,र्स
lubhaate,लुभाते,भाते
fefda,फेफड़ा,डडा
kamottejna,कामोत्तेजना,टोट्टेजना
dampati,दंपति,दंपि
soya,सोया,ए
barbartapurna,बर्बरतापूर्ण,ब्राबतापूर्ण
tadipar,तड़ीपार,तिपार
lutf,लुत्फ,फ्ट
tariko,तरीको,टिको
chataa,चता,ाआ
pittman,पिटमैन,म्मन
pahla,पहला,अला
multimedia,मल्टीमीडिया,मिमेडिया
tyohaar,त्यौहार,ओयार
label,लेबल,लेल
le,ले,ल
tirthatan,तीर्थाटन,तिततान
satuaa,सतुआ,या
vargas,वर्गस,सास
dabolim,डाबोलिम,दोलोमी
soochnaah,सूचनाः,ह्नाह
labelling,लेबलिंग,लेबलिंग
roseville,रोज़विल,वेइलिले
phaaeebrets,फ़ाईब्रेट्स,ब्रेट्स
aalto,ऑल्टो,ओटो
partanee,परतानी,नेनी
asmitaon,अस्मिताओं,तमताओं
want,वांट,ट
tadpatee,तड़पती,पटी
patel,पटेल,ल
kaaji,काजी,आई
dostanapurna,दोस्तानापूर्ण,दोत्तापुर्ण
kshetron,क्षेत्राें,त्रों
lynch,लिंच,ख्न
state,स्टेट,टे
ragon,रागों,नन
malhotra,मल्होत्रा,ोतोरा
pragyatantra,प्रज्ञातंत्र,यजातंत्र
duneerti,दुर्नीति,डिर्टी
crosse,क्रॉस,ज़
avyavasayi,अव्यवसायी,यायवसयी
dhiryawaan,धैर्यवान,यावान
time,टाइम,मे
ashariri,अशरीरी,रारिरी
chandradas,चन्द्रदास,द्रदास
jyotishi,ज्योतिषि,ज्योतिशी
alexandria,एलेक्जेंड्रिया,सेक्सांड्रिया
bewakoofaanaa,बेवकूफाना,कावूफाना
sirpur,सिरपुर,प्रपुर
uzbek,उज़्बेक,ब्यूकेक
kharuvaar,खरुवार,उवार
dharmaviheenataa,धर्मविहीनता,वामीहीनाता
surendranagar,सुरेंद्रनगर,रेंद्रनगर
aalha,आल्हा,अला
arunachal,अरुणाचल,नुचाल
krueger,क्रुएगर,रेगर
bagli,बागली,लिली
davindarpaal,दविन्दरपाल,दंदरपाल
chaplusi,चापलूसी,ल्लुसी
sanskariyon,संस्कारियों,क्कारियों
engines,इंजन्स,इन्स
mendez,मेंडेज़,डेज
siyah,सियाह,हाह
gujaarane,गुजारने,ारने
gajara,गजरा,रा
kavi,कवि,
midnapore,मिदनापुर,ननापोर
vrutton,वृत्तों,टन
sirmon,सिरमोन,नोन
vartman,वर्तमान,म्मन
ubhrega,उभरेगा,ग्रेगा
pilot,पायलट,टोट
narbhakshi,नरभक्षी,न्रभक्षी
entreeks,एंट्रीक्स,ट्रीक्स
dayton,डेटन,दतन
badoo,बडू,उ
allrounder,ऑलराउंडर,लारंडर
nishra,निश्रा,रा
wadhawan,वधावन,वाणान
jensen,जेन्सन,जेन
pali,पाली,ली
trimasik,त्रैमासिक,त्रिमासिक
attraikt,अट्रैक्ट,त्तारेक्त
vavidyaalaya,वविद्यालय,दिय्यालयाय
chandan,चंदन,न्नन
mega,मेगा,गा
mansfield,मैन्सफील्ड,फेल्ड
mattancheri,मट्टानचेरी,मंचेरी
navketan,नवकेतन,नकेतन
kamtar,कमतर,ार
pityooniya,पिट्यूनिया,युनूनिया
purooshottampur,पुरूषोत्तमपुर,रुषोट्टमपुर
tapan,तपन,टन
jubaan,ज़ुबान,ज़ान
enseeaardablyoosee,एनसीआरडब्ल्यूसी,जियार्डेलियोसिसीसिसी
haimbalin,हैम्बलिन,हैंबलिन
aaraam,आराम,माम
yashpal,यशपाल,लाल
wokha,वोखा,ए
chhetri,छेत्री,त्री
omaxe,ओमैक्स,काएस
parween,परवीन,सीन
kukreja,कुकरेजा,रेजा
premphalah,प्रेमफलः,मफालाह
narmi,नरमी,न्रि
shrinkhalaon,श्रंखलाओं,खाखलाओं
avrodhak,अवरोधक,र्वोधक
teeron,तीरों,नों
ganesha,गणेशा,शेशा
jhada,झाड़ा,जा
anupama,अनुपमा,उपमा
talabgaar,तलबगार,बागगर
bindal,बिन्दल,लाल
zavala,ज़वाला,लाला
aamriyapada,आमरियापाड़ा,रियापदा
pratinidhikaree,प्रतिनिधिकारी,इनिधिकारी
halmatpuraa,हलमतपुरा,हलातपुरा
boodam,बूदम,माम
macias,मैकियास,जिस
medical,मेडीकल,डिकल
respecting,रिस्पेक्टिंग,स्पेक्टिंग
ranjkta,रंजकता,रंकटा
da,दा,दददददददददददददददददददददददददददददददददददददददददददददददददद
suction,सक्शन,शन
bhumi,भूमी,मी
tyoharon,त्यौहारों,ओथरों
rangate,रंगते,गाटे
uttra,उत्तरा,्ट्रा
penshandhaariyon,पेंशनधारियों,न्शंधारियों
karykartaaon,कार्यकर्ताओं,कार्ताओं
vidyaaon,विद्याओं,यादाओं
dafan,द़फन,दान
sarhind,सरहिंद,दिंद
khaaskar,ख़ासकर,सकार
raith,रैथ,थ
gudagaunw,गुडगौंव,गादौंव
sahab,साहब,ब
udaanon,उड़ानों,उदानों
majesco,मेजेस्को,सेस्को
pushpa,पुष्पा,प्पा
keshari,केशरी,रारी
bombi,बांबी,बंबी
kargil,कारगिल,लिल
takara,टकरा,ारा
biji,बिजी,जी
chrome,क्रोम,मे
stithi,स्तिथि,ठिति
gulf,गल्फ,फ
kaaloniwaasiyon,कालोनीवासियों,नोनिवासियों
aavritiyon,आवृत्तियों,रितियों
suhanubhooti,सुहानुभूति,नुहुभूति
chamach,चमच,चाच
virodhabhasi,विरोधाभासी,दोधाभसी
saabhaar,साभार,ार
allcargo,ऑलकार्गो,क्लेकरगो
harana,हारना,हाराणा
avyavasayee,अव्यवसायी,यावसयीयी
pravinses,प्राविंसेस,इंसेस
chhetthari,छेत्री,थ्थरी
pratishthi,प्रतिष्ठी,तिष्ठि
sapa,सपा्,अ
patki,पटकी,क्की
parchiyon,पर्चियों,यियों
prativad,प्रतिवाद,इवाद
liphaaphaa,लिफ़ाफ़ा,अफ्पा
darshana,दर्शाना,दशाना
garrison,गेरीसन,सिन
aakandon,आकंड़ों,नांडों
dhandon,धंधों,दंन
distreebyootaree,डिस्ट्रीब्यूटरी,स्त्रीबियूतरी
khatri,खत्री,रि
panjika,पंजिका,जिका
baatah,बातः,हा
ravaley,रावले,लेये
kangan,कंगन,नन
premaatmak,प्रेमात्मक,म्रेमात्मक
sipahi,सिपाही,हाफी
notebandishuda,नोटबंदीशुदा,नोबेडंशिशुडा
devlaha,देवलहा,लालाहा
halla,हल्ला,हला
jhamaaten,ज़मातें,अातें
massey,मैसी,ये
usak,उसक,सुक
pitamah,पितामह,माह
vivaranahbhaarateey,विवरणःभारतीय,नरानाभरेयीयीयीयीयीयीयीयीयीयीयीयीयीयीयीयीय
nagercoil,नागेरकोइल,जरकॉइल
lakhkhi,लख्खी,लखी
achhi,अच्छी,घी
satin,सैटिन,न
nagpur,नागपुर,नगपुर
basirhat,बसीरहाट,रियात
chhelai,छेलै,ईएलई
ubarkar,उबरकर,रारार
sanyuktavastha,संयुक्तावस्था,युणतावास्था
suri,सूरी,आरआई
bhapaai,भपाई,आई
vyaktigat,व्यक्तिगत,व्यक्तिगत
mhathir,महाथिर,हाथिर
flesh,फ्लेश,एश
rashtrak,राष्ट्रक,र्त्रक
raajbhaaee,राजभाई,भाही
hong,हॉन्ग,होंग
langron,लंगरों,लंन
subhaay,सुभाय,याय
fund,फंड,ंड
flowers,फ्लावर्स,वर्स
uthane,उठने,ने
badaa,बडा़,आ
mishra,मिश्रा,ारा
shat,षट्,ट
manhattan,मैनहट्टन,मट्टन
sarguja,सरगुजा,उजु
evening,ईवनिंग,नेनिंग
grahankaal,ग्रहणकाल,नकाल
bagali,बागली,लाली
neeoo,नीऊ,ह
mundwa,मुंडवा,वंवा
tolasan,तोलासन,टालान
jedateeisaft,जेडटीईसाफ्ट,जेदतीसफ्त
naagmandal,नागमण्डल,मंडल
kanaal,कनाल,लाल
machilipatnam,मछलीपट्टनम,माइलिपत्नम
felix,फेलिक्स,लेलिक्स
hastaksharon,हस्ताक्षरों,हाक्षरों
bhilai,भिलाई,ईएलई
contracting,कॉन्ट्रेक्टिंग,क्र्टेकिंग
qraar,क़रार,रार
jaun,जौं,न्यों
bhaloo,भाालू,उ
fortis,फोर्टिस,जिस
girijagharon,गिरजाघरों,जिजाघरों
jainon,जैनों,नोन
arthavyavasthaah,अर्थव्यवस्थाः,याव्यवस्थाह
oxys,ऑक्सीज,सिस
khitabon,खिताबों,बाबों
enka,एनका,आ
chashma,चष्मा,मा
batao,बताअाे,ओट
ghrutakumaaree,घृतकुमारी,तुतकुमारी
pratestent,प्राटेस्टेंट,सेटस्टेंट
bauer,ब्युर,र्ज
lakshmidhar,लक्ष्मीधर,श्षमीधर
siyasi,सियासी,सायी
upyogitawadiyon,उपयोगितावादियों,योजितावादियों
toogaa,टूगा,गा
samadjiyon,समाधियों,दाद्जियों
khurpaka,खुरपका,प्रका
kumavat,कुमावत,माव
mwp,एमडब्ल्यूपी,प्व
suraj,सूरज,ज
neuroscientists,न्यूरोसाइंटिस्ट्स,अरोसिसेंटिस्ट्स
chandreshwaranagar,चंद्रेश्वरनगर,र्देश्वरणागर
tanish,टैनिस,शिष
farukhnagar,फर्रूखनगर,ुर्णागर
awaazon,आवाज़ों,जाज़ों
najraane,नजराने,नाराने
pashuchaaraa,पशुचारा,चुारारा
webuniyadi,वेबुनियादी,बेवुनियादि
danbury,डेनबरी,बुरी
naidillee,नईदिल्ली,लिली
chhalla,छल्ला,ला
rowan,रोवन,अन
sheopur,श्योपुर,पोपुर
rawlani,रव्लानी,लानी
sanvaree,संवरी,री
dhaak,धाक,क
masse,मस्से,ज
insurance,इंश्योरेंस,रुसंस
samprbhuta,संप्रभुता,्प्रभूता
raashtraa,राष्ट्रा,्र्रा
jauhari,जौहरी,हौरी
judai,जुदाई,ज़दै
badamaashon,बदमाशाें,मामशों
khitaabon,खिताबों,ाबाबों
swayam,स्वयँ,माम
aagah,आग़ा,ह
dhindhwal,ढिंडवाल,भ्वल
ghise,घिसे,ज
sappaanwaalee,सप्पांवाली,अंवंाली
nikharen,निखारें,नेरेन
baadhit,बाधित,तित
brahmapur,ब्रह्मपुर,ब्रहमुर
baytown,बैटाउन,वांवाई
koling,कोलिंग,िंग
samadhiyon,समाधियों,दाधियों
yooniyanwaadi,यूनियनवादी,नियांवाडी
chhapemar,छापेमार,मेमार
gareebon,ग़रीबों,बिबोन
thousand,थाऊजेंड,संड
dasila,डसीला,लिया
kanjentevaaitis,कंजेंटेवाइटिस,जेन्तेवाईतीसिस
badhaon,बाधाओं,ओन
lagega,लगेगा,गेगा
durghatna,दुर्घटना,दृथाना
nitiyon,नितियों,यियों
capdhari,कैपधारी,अधधी
atri,अत्री,री
singam,सिंगम,माम
vastvik,वास्तविक,व्तविक
substensis,सबस्टेंसिस,स्टेंसिस
peelepan,पीलेपन,लेपन
uthnee,उठनी,एनी
handiyaa,हंडिया,हणिया
pratirakshi,प्रतिरक्षी,ऋतक्षी
lalkarta,ललकारता,लकर्ता
dukaanon,दुकानों,दकानों
nividaataon,निविदाताओं,निवादाओं
sarvjaateeya,सर्वजातीय,ज्वातीया
narsanharon,नरसंहारों,न्राणारों
neemkathana,नीमकाथाना,मीमकाहा
herrera,हेरेरा,रेरा
junun,जुनून,जुन
ikai,इकाई,एई
jagdalpur,जगदलपुर,जदलपुर
swiftlet,स्विफ्टलेट,फिट्टलेट
jalagati,जलगति,गागटी
pitts,पिट्स,स्ट
ropi,रोपी,पीआई
adanga,अड़ंगा,गंगा
alasi,आलसी,सीईई
chaukiyan,चौकियां,कौकायन
layton,लेटन,ओं
vakrangee,वकरंगी,रेंगी
development,डेवलपमेंट,डेलपमेंट
shawnee,शॉनी,ीनी
pardesiyon,परदेसियों,द्रेसियों
bhoogol,भूगोल,लोल
bagichi,बगीची,चिची
sivan,सिवान,न्न
stray,स्ट्रे,य्रे
aalsi,आलसी,सी
view,व्यू,व्ज
vishhin,विषहीन,हिन
kissagoi,किस्सागोई,ससागोई
mahanideshak,महानिदेशक,मणिदेशक
chikitsaevam,चिकित्साएवं,कितसायम
bhattacharya,भट्टाचार्य,चाचार्य
trenton,ट्रेंटन,नेन
kanyaein,कन्याएं,येनिन
priyadarshini,प्रियदर्शिनी,यृददर्शिनी
hukhookh,हुक़ूक़,हुख
shulkah,शुल्कः,खकह
rane,राणे,
mahavidya,महाविद्या,माविद्या
sanshyon,संशयों,य्योन
shreneeh,श्रेणीः,निह
odom,ओडोम,मोम
benitez,बेनिटेज़,तिज़
tyohar,त्यौहार,त्योहर
matiyaanaa,मतियाना,यियाना
shavyaatra,शवयात्रा,यात्र
rishtey,रिश्ते,ट्रेट
rehaana,रेहाना,हहाना
qss,क्यूएसएस,एस
anaavashyak,अनावश्यक,अनवश्यक
rijhaayaa,रिझाया,ायाया
brigade,ब्रिगेड,गाडे
sapane,सपने,ने
chuneen,चुनीं,निन
koshadhikaari,कोषाधिकारी,धाधिकारी
karab,करब,ब
paltane,पलटने,नेने
karneshwardham,कर्णेश्वरधाम,शेश्वरधाम
aaryanas,आर्यनस,नानस
pratishthanon,प्रतिष्ठानोंं,शिष्ठानों
karaikal,कराईकल,अलाल
uski,उसकी,कुस्की
vipreetataa,विपरीतता,रीतता
parikshao,परीक्षाओ,च्षाओ
fyuji,फ्यूजी,उजी
laaminaar,लामिनार,मिनार
jutati,जुटाती,जटी
kaushik,कौशिक,शौक
bekaaboo,बेकाबू,बाबू
nano,नैनो,ओ
orissa,ओडिसा,स्सा
tomar,तोमर,अर
ropee,रोपी,सी
thappadhabaajhee,थप्पड़बाज़ी,धाधाबाजी
baabat,बाबत,बाट
attahasa,अट्टहास,अटाहासा
colan,कोलन,नन
pratileetar,प्रतिलीटर,लिलीतर
bhusi,भूसी,सी
haliyaa,हलिया,हियाया
utpeedan,उत्पीडऩ,तुपीडन
pope,पोप,
karkhele,करखेले,लेले
bahulya,बाहुल्य,लुल्या
aswbhavik,अस्वभाविक,भासभाविक
kathhnaeeyon,कठनाईयों,न्यायों
ramjeelaal,रामजीलाल,जीलाल
vasulta,वसूलता,लुलता
mukhyamantri,मुख्यमंत्री,मायामंत्री
maria,मारिया,या
satmev,सत्मेव,मेव
baksa,बक्सा,सा
udar,उदर,रार
man,मैन,म
buddhijivon,बुद्धिजीवों,धिजिवों
sudip,सुदीप,पिप
jodo,जोड़ो,ओडो
tasdeek,तसदीक,तददीक
nikaalni,निकालनी,नालालि
bhatkaanaa,भटकाना,काना
harna,हारना,हाना
dillon,डिल्लों,लों
registerd,रजिस्टर्ड,जिस्टर्ड
bhandara,भंडारा,रारा
lalaniya,ललानिया,नानिया
lima,लिमा,मा
lalkrishna,लालकृष्ण,लकृष्णा
ratnabhooshan,रत्नाभूषण,अनभूषण
sparivar,सपरिवार,रिवार
sah,साह,
sametti,समेटती,टेट्टी
pyria,पाइरिया,या
maamalonmen,मामलोंमें,लालमेन
braat,बरात,त्त
vaiisan,वैइसन,सन
villa,विला,अला
linda,लिंडा,एडा
khariya,खरिया,या
chellani,चेलानी,ल्लानी
electronics,इलेक्ट्रॉनिक्स,सेक्ट्रोनिक्स
rishiraj,ऋषिराज,रिराज
udaipur,उदयपुर,दुदेपुर
pagla,पगला,ला
ritukaant,ऋतुकांत,तृतुकांत
kurmi,कुर्मी,म्री
dastaanaa,दस्ताना,ासाना
emrald,एमरल्ड,लार्ड
ghumaaee,घुमाई,जाएँ
updraviyon,उपद्रवियों,दुद्रवियों
oklahoma,ओक्लाहोमा,ल्लाहोमा
dharmaraajne,धर्मराजने,द्रराजनेे
jhaohuee,झाओहुई,उयु
uppidan,उप्पीड़न,उपिदान
khemik,खेमिक,मिक
tugalki,तुगलकी,टुगलिकी
duar,दोआर,ड्र
avi,अवि,
jadet,जड़ित,टेट
taiboo,टैबू,उओ
programmers,प्रोग्रामर्स,म्रामेम्र्स
taylorsville,टेलर्सविले,लोर्सिलिले
chadron,चादरों,नों
racer,रेसर,र्स
bhakaa,भका,ाओ
andhabhakto,अंधभक्तो,भाभाक्तो
obrayan,ओब्रायन,योरायन
krutya,कृत्या,य्या
peeran,पीरान,न
najriyon,नजरियों,न्रियों
mayur,मयूर,युर
chaudhawan,चौदहवां,दुधावन
swargadoot,स्वर्गदूत,गरगड़ूत
feka,फेका,ए
independet,इंडिपेन्डेट,डंपेंडेट
tinkaa,टिंका,आका
gurdon,गुर्दों,डारन
jaatiyon,जातियों,जियों
samanwayaka,समन्वयक,नावयका
sube,सूबे,ज
chandana,चंदन,कानाना
praarambhikataa,प्रारंभिकता,मारभ्भाता
trap,ट्रैप,पी
udant,उदंत,उदंत
dynamatic,डायनामेटिक,डायनामेटिक
vidyuteekrit,विद्युतीकृत,युद्युतीकृत
lalaniyaa,ललानिया,नायिया
wadaraa,वदरा,ारा
ved,वेड,
fadfadaen,फड़फड़ाएं,फफदाएं
traded,ट्रेडेड,डेड
akhuaapaadaa,अखुआपाड़ा,अमापादा
saraha,सराहा,ा
vigyaanvaadiyon,विज्ञानवादियों,आजानवादियों
kamzor,कमज़ोर,ज़ोर
youngstown,यंगस्टाउन,संगसावन
aaryam,आर्यम्,मा
patkathaein,पटकथाएं,चकाएं
bajpai,बाजपेयी,पाजई
jassee,जस्सी,जी
nau,नाऊ,नूयू
evav,एवव,व
lagataar,लागातार,टार
suman,सुमन,मन
padanee,पड़नी,नी
mindtree,माइंडट्री,्ट्टरी
distributary,ड्रिस्ट्रीब्यूट्री,र्ट्रिब्यूटरी
jankaron,जानकारों,राकों
shankacharaachaarya,शंकचराचार्य,चाचाराच्या
offshore,ऑफशोर,श्योरो
dukhon,दुखों,दों
nesco,नेस्को,को
phooltee,फूलती,टी
tools,टूल्स,स
verger,वर्गर,र्जर
dumghontu,दमघोंटू,दुघोंटु
videoh,वीडियोः,यूहोह
rajman,राजमां,मान
aatmamugdh,आत्ममुग्ध,माममुद्ध
rockford,रॉकफोर्ड,फेकोर्ड
mitra,मित्रा,ा
devnaar,देवनार,ननार
ocoee,ओकोई,ई
uttariya,उत्तरिया,तुरिया
kainawij,कैनविज,वानिज
galaxion,गैलेक्सियों,क्सकियन
jivaniya,जीवनियां,जिनिया
hakikat,हकीकत,हिकत
eliminator,एलिमिनेटर,मिमिनेटर
augustine,अगस्टाइन,स्टिन
kar,कर,
bitane,बीताने,नेन
daftarwale,दफ्तरवाले,अरवाले
bairaadh,बैराढ,धाद
kambalon,कंबलों,लालों
jwar,ज्वार,र
fatama,फातमा,मामा
vives,विवेस,एस
dwt,डीडब्ल्यूटी,टी
dhaatuein,धातुएं,उतेन
siyaha,सियाह,हा
pitne,पीटने,न
bichchon,बिच्चों,च्छों
jita,जिता,गा
sevala,सेवाला,लाला
bataur,बताैर,और
aditya,आदित्या,तिया
kshetren,क्षेत्रें,तेत्रेन
ankeny,एंकेनी,केनी
chheter,छेत्र,रेर
mukarte,मुकरते,रारेट
enthe,ऐंठे,ए
balty,बाल्टी,यी
khangaali,खंगाली,अालाली
beeeseses,बीएसएसएस,सेसेज
banjajasam,ब्ंजजसम,जाजसम
pushpit,पुष्पित,तित
linmarga,लिंमर्ग,म्मारगा
pereddy,पेरेड्डी,डेड्डी
bodara,बोदरा,रारा
focus,फ़ोकस,सुस
dootaay,दूताय,ायाय
sreeleathers,श्रीलेदर्स,लीथर्स
mahankmadaan,महंकमदान,मंकमाडां
ghunsa,घूंसा,एंसा
kaavyavidhaaon,काव्यविधाओं,यावविधाओं
kshatriyaadi,क्षत्रियादि,त्रियादि
jaankaaron,जानकारों,कारों
rakhna,रखना,नाना
rishtedaaro,रिश्तेदारो,त्तेदारो
shravani,श्रावणी,वानी
kubuddeen,कुबुद्दीन,दुद्दीन
jewellers,ज्वेलर्स,लेर्स
mehaman,मेहमान,मान
rojlin,रोजलिन,लिलिन
jaikara,जयकारा,रा
chabutre,चबूतरे,ट्यूट्रे
haradil,हरदिल,हादिल
truck,ट्रक,टीके
neurovascular,न्यूरोवेस्कुलर,रुवासकुलर
khelaane,खेलाने,ाने
stration,स्ट्रेशन,शन
lakshayatirth,लक्ष्यतीर्थ,शालयातिर्थ
nations,नेशंस,निस्स
paathshaalaayein,पाठशालाएं,श्षालयें
nivedanah,निवेदनः,वेदानह
lidaron,लीडरों,रारोन
tanla,टेनला,ला
sevakon,सेवकों,कवाकों
poorvapekshaon,पूर्वापेक्षाओं,पवपेष्षाओं
mani,मणि,
somvar,साेमवार,व्वर
pran,प्राण,
avegyanik,अवैज्ञानिक,अवज्ञानिक
aviation,ऐवीऐशन,टिएशन
brown,ब्राउन,न्वन
naakaam,नाकाम,ाम
adhivas,अधिवास,विवास
janjagran,जनजागरण,गार्रन
rajnandgaon,राजनंदगांव,नन्दगाओं
larry,लैरी,यरी
bhalu,भाालू,बुलू
tareeko,तरीको,टिको
chicopee,चिकोपी,पोएफ
refractories,रिफ्रेक्टरीज़,फ्रेक्टोरियां
baramad,बरामद,ादाद
kav,काव,व
emerald,एमरल्ड,लर्ड
vivekaadheen,विवेकाधीन,केकाधीन
fadfadaaen,फड़फड़ाएं,फ्फादाएं
kaylana,कायलाना,लाना
paints,पेंट्स,ट्स
pittsburgh,पिट्सबर्ग,स्सबुरघ
hokhat,होखत,होट
chaurasiya,चौरसिया,सरसिया
sacchidanand,सच्चिदानंद,चिदानंद
seide,सीड,डे
charon,चारों,न
rizvi,रिज़वी,व्वी
clay,क्ले,ये
danpati,दंपति,दाति
doorgadh,दूर्गध,दाध
devapur,देवापुर,देवपुर
manwaayaa,मनवाया,आया
latakkar,लटककर,कक्कर
mehmaan,मेहमान,मान
niya,निया,ए
udhampur,उधमपुर,दुमपुर
ataher,अतहर,रेर
chhupata,छुपता,पटा
tungnath,तुंगनाथ,तुन्गाथ
raghupati,रघुपति,उघाटी
prakandh,प्रकाण्ड़,नांध
changed,चेंज्ड,ड
gangtok,गंगटोक,गटोक
cricket,क्रिकेट,किकेट
francisco,फ्रांसिस्को,नेंसिसो
bhagane,भगाने,ने
adangaa,अड़ंगा,गंगा
fixingh,फिक्सिंगः,सिकिह
kamau,कमाऊ,औम
tikone,तिकोने,ओने
pam,पैम,ट
tarikon,तरीक़ों,टिकों
aagaman,आगमन,मामन
kidwai,किदवई,वाई
aashriton,आश्रितों,तिन
raghavan,राघवन,वाहन
janeudhari,जनेऊधारी,उंधारी
davenport,डेवनपोर्ट,डेनपर्ट
preranaapuree,प्रेरणापुरी,रेराणपुरी
mahasinh,महासिंह,सिन्ह
lordaa,लोरदा,ादा
introduction,इंट्रोडक्शन,डॉडकिशन
swabhavatah,स्वभावतः,भाभातः
grishmotsav,ग्रीष्मोत्सव,शिम्मोत्सव
talaashegaa,तलाशेगा,शालेगा
saharsa,सहरसा,स्रा
mckay,मैके,यके
moshe,मोशे,ए
granthiyan,ग्रंथियां,ग्रियां
lohaati,लोहाती,लाटी
aliance,अलायंस,अन्से
tagde,तगड़े,टाडे
chinke,छींके,एल
siwan,सिवान,नियन
thaki,थकी,टी
letakar,लेटकर,टकार
hikariko,हिकारिको,हिकारिको
tyres,टायर्स,जर्स
nrutyon,नृत्यों,ट्युओन
deerfield,डियरफील्ड,फरिएल्ड
charit,चरित,टि
bethlehem,बैथलहम,ल्लेहेम
fineotex,फिनोटेक्स,फिनोटेक्स
asahi,असाही,हि
pehan,पहन,न
dhanshyaam,धनश्याम,द्यायम
faarensis,फारेंसिस,अरेनसिस
lahanaa,लहना,नाना
dwarikesh,द्वारिकेश,दरिकेश
dubaana,डुबाना,दाना
karaboriyon,काराबोरियों,रबोरियों
golamuree,गोलमुरी,गामुरी
raakhnau,राखणौ,खानौ
vipanak,विपणक,वियानक
punchang,पंचांग,चंग
breed,ब्रीद,डी
gullaravaalaa,गुल्लरवाला,लारावाला
awp,एडब्ल्यूपी,पे
baji,बाज़ी,आई
harpaal,हरपाल,लाप
premeshwar,प्रेमेश्वर,मेशेरवर
prapt,प्राप्त,ट्ट
naksalwaad,नक्सलवाद,सालवाद
kanthahar,कंठहार,हार
oxide,ऑक्साइड,सकिडे
khairati,खैराती,ताई
deshke,देशके,दके
sunaseer,सुनासीर,सिर
aphasaron,अफसराें,ससरों
seho,सेहो,ओ
chabate,चबाते,टे
miti,मिति,टी
belcha,बेलचा,अचा
saflata,सफ़लता,लाटा
shbana,शबाना,अना
khaatootolaa,खातूटोला,उतूला
shivastava,शिवास्तव,स्तवावा
preranapuree,प्रेरणापुरी,रेरानपुरी
